scenario,variable,year,value,units
GCAM,C2F6_emissions,2005,1.3326894438,Gg
GCAM,C2F6_emissions,2006,1.29457473732,Gg
GCAM,C2F6_emissions,2007,1.25646003084,Gg
GCAM,C2F6_emissions,2008,1.21834532436,Gg
GCAM,C2F6_emissions,2009,1.18023061788,Gg
GCAM,C2F6_emissions,2010,1.1421159114,Gg
GCAM,C2F6_emissions,2011,1.2114970898,Gg
GCAM,C2F6_emissions,2012,1.2808782682,Gg
GCAM,C2F6_emissions,2013,1.3502594466,Gg
GCAM,C2F6_emissions,2014,1.419640625,Gg
GCAM,C2F6_emissions,2015,1.4890218034,Gg
GCAM,C2F6_emissions,2016,1.53725974892,Gg
GCAM,C2F6_emissions,2017,1.58549769444,Gg
GCAM,C2F6_emissions,2018,1.63373563996,Gg
GCAM,C2F6_emissions,2019,1.68197358548,Gg
GCAM,C2F6_emissions,2020,1.730211531,Gg
GCAM,C2F6_emissions,2021,1.77850320424,Gg
GCAM,C2F6_emissions,2022,1.82679487748,Gg
GCAM,C2F6_emissions,2023,1.87508655072,Gg
GCAM,C2F6_emissions,2024,1.92337822396,Gg
GCAM,C2F6_emissions,2025,1.9716698972,Gg
GCAM,C2F6_emissions,2026,2.01540277286,Gg
GCAM,C2F6_emissions,2027,2.05913564852,Gg
GCAM,C2F6_emissions,2028,2.10286852418,Gg
GCAM,C2F6_emissions,2029,2.14660139984,Gg
GCAM,C2F6_emissions,2030,2.1903342755,Gg
GCAM,C2F6_emissions,2031,2.22477417686,Gg
GCAM,C2F6_emissions,2032,2.25921407822,Gg
GCAM,C2F6_emissions,2033,2.29365397958,Gg
GCAM,C2F6_emissions,2034,2.32809388094,Gg
GCAM,C2F6_emissions,2035,2.3625337823,Gg
GCAM,C2F6_emissions,2036,2.39013774706,Gg
GCAM,C2F6_emissions,2037,2.41774171182,Gg
GCAM,C2F6_emissions,2038,2.44534567658,Gg
GCAM,C2F6_emissions,2039,2.47294964134,Gg
GCAM,C2F6_emissions,2040,2.5005536061,Gg
GCAM,C2F6_emissions,2041,2.52651396642,Gg
GCAM,C2F6_emissions,2042,2.55247432674,Gg
GCAM,C2F6_emissions,2043,2.57843468706,Gg
GCAM,C2F6_emissions,2044,2.60439504738,Gg
GCAM,C2F6_emissions,2045,2.6303554077,Gg
GCAM,C2F6_emissions,2046,2.65100788968,Gg
GCAM,C2F6_emissions,2047,2.67166037166,Gg
GCAM,C2F6_emissions,2048,2.69231285364,Gg
GCAM,C2F6_emissions,2049,2.71296533562,Gg
GCAM,C2F6_emissions,2050,2.7336178176,Gg
GCAM,C2F6_emissions,2051,2.75044716748,Gg
GCAM,C2F6_emissions,2052,2.76727651736,Gg
GCAM,C2F6_emissions,2053,2.78410586724,Gg
GCAM,C2F6_emissions,2054,2.80093521712,Gg
GCAM,C2F6_emissions,2055,2.817764567,Gg
GCAM,C2F6_emissions,2056,2.8318554112,Gg
GCAM,C2F6_emissions,2057,2.8459462554,Gg
GCAM,C2F6_emissions,2058,2.8600370996,Gg
GCAM,C2F6_emissions,2059,2.8741279438,Gg
GCAM,C2F6_emissions,2060,2.888218788,Gg
GCAM,C2F6_emissions,2061,2.8992771486,Gg
GCAM,C2F6_emissions,2062,2.9103355092,Gg
GCAM,C2F6_emissions,2063,2.9213938698,Gg
GCAM,C2F6_emissions,2064,2.9324522304,Gg
GCAM,C2F6_emissions,2065,2.943510591,Gg
GCAM,C2F6_emissions,2066,2.9517760456,Gg
GCAM,C2F6_emissions,2067,2.9600415002,Gg
GCAM,C2F6_emissions,2068,2.9683069548,Gg
GCAM,C2F6_emissions,2069,2.9765724094,Gg
GCAM,C2F6_emissions,2070,2.984837864,Gg
GCAM,C2F6_emissions,2071,2.990484335,Gg
GCAM,C2F6_emissions,2072,2.996130806,Gg
GCAM,C2F6_emissions,2073,3.001777277,Gg
GCAM,C2F6_emissions,2074,3.007423748,Gg
GCAM,C2F6_emissions,2075,3.013070219,Gg
GCAM,C2F6_emissions,2076,3.016409159,Gg
GCAM,C2F6_emissions,2077,3.019748099,Gg
GCAM,C2F6_emissions,2078,3.023087039,Gg
GCAM,C2F6_emissions,2079,3.026425979,Gg
GCAM,C2F6_emissions,2080,3.029764919,Gg
GCAM,C2F6_emissions,2081,3.0314525436,Gg
GCAM,C2F6_emissions,2082,3.0331401682,Gg
GCAM,C2F6_emissions,2083,3.0348277928,Gg
GCAM,C2F6_emissions,2084,3.0365154174,Gg
GCAM,C2F6_emissions,2085,3.038203042,Gg
GCAM,C2F6_emissions,2086,3.0385305686,Gg
GCAM,C2F6_emissions,2087,3.0388580952,Gg
GCAM,C2F6_emissions,2088,3.0391856218,Gg
GCAM,C2F6_emissions,2089,3.0395131484,Gg
GCAM,C2F6_emissions,2090,3.039840675,Gg
GCAM,C2F6_emissions,2091,3.038708272,Gg
GCAM,C2F6_emissions,2092,3.037575869,Gg
GCAM,C2F6_emissions,2093,3.036443466,Gg
GCAM,C2F6_emissions,2094,3.035311063,Gg
GCAM,C2F6_emissions,2095,3.03417866,Gg
GCAM,C2F6_emissions,2096,3.0316640926,Gg
GCAM,C2F6_emissions,2097,3.0291495252,Gg
GCAM,C2F6_emissions,2098,3.0266349578,Gg
GCAM,C2F6_emissions,2099,3.0241203904,Gg
GCAM,C2F6_emissions,2100,3.021605823,Gg
GCAM,CF4_emissions,2005,4.5595095224,Gg
GCAM,CF4_emissions,2006,4.34577870814,Gg
GCAM,CF4_emissions,2007,4.13204789388,Gg
GCAM,CF4_emissions,2008,3.91831707962,Gg
GCAM,CF4_emissions,2009,3.70458626536,Gg
GCAM,CF4_emissions,2010,3.4908554511,Gg
GCAM,CF4_emissions,2011,3.70108125522,Gg
GCAM,CF4_emissions,2012,3.91130705934,Gg
GCAM,CF4_emissions,2013,4.12153286346,Gg
GCAM,CF4_emissions,2014,4.33175866758,Gg
GCAM,CF4_emissions,2015,4.5419844717,Gg
GCAM,CF4_emissions,2016,4.7132774042,Gg
GCAM,CF4_emissions,2017,4.8845703367,Gg
GCAM,CF4_emissions,2018,5.0558632692,Gg
GCAM,CF4_emissions,2019,5.2271562017,Gg
GCAM,CF4_emissions,2020,5.3984491342,Gg
GCAM,CF4_emissions,2021,5.57308813328,Gg
GCAM,CF4_emissions,2022,5.74772713236,Gg
GCAM,CF4_emissions,2023,5.92236613144,Gg
GCAM,CF4_emissions,2024,6.09700513052,Gg
GCAM,CF4_emissions,2025,6.2716441296,Gg
GCAM,CF4_emissions,2026,6.42783332858,Gg
GCAM,CF4_emissions,2027,6.58402252756,Gg
GCAM,CF4_emissions,2028,6.74021172654,Gg
GCAM,CF4_emissions,2029,6.89640092552,Gg
GCAM,CF4_emissions,2030,7.0525901245,Gg
GCAM,CF4_emissions,2031,7.1741890337,Gg
GCAM,CF4_emissions,2032,7.2957879429,Gg
GCAM,CF4_emissions,2033,7.4173868521,Gg
GCAM,CF4_emissions,2034,7.5389857613,Gg
GCAM,CF4_emissions,2035,7.6605846705,Gg
GCAM,CF4_emissions,2036,7.75802813956,Gg
GCAM,CF4_emissions,2037,7.85547160862,Gg
GCAM,CF4_emissions,2038,7.95291507768,Gg
GCAM,CF4_emissions,2039,8.05035854674,Gg
GCAM,CF4_emissions,2040,8.1478020158,Gg
GCAM,CF4_emissions,2041,8.23330110532,Gg
GCAM,CF4_emissions,2042,8.31880019484,Gg
GCAM,CF4_emissions,2043,8.40429928436,Gg
GCAM,CF4_emissions,2044,8.48979837388,Gg
GCAM,CF4_emissions,2045,8.5752974634,Gg
GCAM,CF4_emissions,2046,8.64172800904,Gg
GCAM,CF4_emissions,2047,8.70815855468,Gg
GCAM,CF4_emissions,2048,8.77458910032,Gg
GCAM,CF4_emissions,2049,8.84101964596,Gg
GCAM,CF4_emissions,2050,8.9074501916,Gg
GCAM,CF4_emissions,2051,8.9593614306,Gg
GCAM,CF4_emissions,2052,9.0112726696,Gg
GCAM,CF4_emissions,2053,9.0631839086,Gg
GCAM,CF4_emissions,2054,9.1150951476,Gg
GCAM,CF4_emissions,2055,9.1670063866,Gg
GCAM,CF4_emissions,2056,9.2098620131,Gg
GCAM,CF4_emissions,2057,9.2527176396,Gg
GCAM,CF4_emissions,2058,9.2955732661,Gg
GCAM,CF4_emissions,2059,9.3384288926,Gg
GCAM,CF4_emissions,2060,9.3812845191,Gg
GCAM,CF4_emissions,2061,9.41424815788,Gg
GCAM,CF4_emissions,2062,9.44721179666,Gg
GCAM,CF4_emissions,2063,9.48017543544,Gg
GCAM,CF4_emissions,2064,9.51313907422,Gg
GCAM,CF4_emissions,2065,9.546102713,Gg
GCAM,CF4_emissions,2066,9.57205896012,Gg
GCAM,CF4_emissions,2067,9.59801520724,Gg
GCAM,CF4_emissions,2068,9.62397145436,Gg
GCAM,CF4_emissions,2069,9.64992770148,Gg
GCAM,CF4_emissions,2070,9.6758839486,Gg
GCAM,CF4_emissions,2071,9.69520249974,Gg
GCAM,CF4_emissions,2072,9.71452105088,Gg
GCAM,CF4_emissions,2073,9.73383960202,Gg
GCAM,CF4_emissions,2074,9.75315815316,Gg
GCAM,CF4_emissions,2075,9.7724767043,Gg
GCAM,CF4_emissions,2076,9.78522481638,Gg
GCAM,CF4_emissions,2077,9.79797292846,Gg
GCAM,CF4_emissions,2078,9.81072104054,Gg
GCAM,CF4_emissions,2079,9.82346915262,Gg
GCAM,CF4_emissions,2080,9.8362172647,Gg
GCAM,CF4_emissions,2081,9.84337114876,Gg
GCAM,CF4_emissions,2082,9.85052503282,Gg
GCAM,CF4_emissions,2083,9.85767891688,Gg
GCAM,CF4_emissions,2084,9.86483280094,Gg
GCAM,CF4_emissions,2085,9.871986685,Gg
GCAM,CF4_emissions,2086,9.87374820622,Gg
GCAM,CF4_emissions,2087,9.87550972744,Gg
GCAM,CF4_emissions,2088,9.87727124866,Gg
GCAM,CF4_emissions,2089,9.87903276988,Gg
GCAM,CF4_emissions,2090,9.8807942911,Gg
GCAM,CF4_emissions,2091,9.8769637628,Gg
GCAM,CF4_emissions,2092,9.8731332345,Gg
GCAM,CF4_emissions,2093,9.8693027062,Gg
GCAM,CF4_emissions,2094,9.8654721779,Gg
GCAM,CF4_emissions,2095,9.8616416496,Gg
GCAM,CF4_emissions,2096,9.85334491054,Gg
GCAM,CF4_emissions,2097,9.84504817148,Gg
GCAM,CF4_emissions,2098,9.83675143242,Gg
GCAM,CF4_emissions,2099,9.82845469336,Gg
GCAM,CF4_emissions,2100,9.8201579543,Gg
GCAM,HFC125_emissions,2005,13.47367517,Gg
GCAM,HFC125_emissions,2006,15.929921536,Gg
GCAM,HFC125_emissions,2007,18.386167902,Gg
GCAM,HFC125_emissions,2008,20.842414268,Gg
GCAM,HFC125_emissions,2009,23.298660634,Gg
GCAM,HFC125_emissions,2010,25.754907,Gg
GCAM,HFC125_emissions,2011,28.67520572,Gg
GCAM,HFC125_emissions,2012,31.59550444,Gg
GCAM,HFC125_emissions,2013,34.51580316,Gg
GCAM,HFC125_emissions,2014,37.43610188,Gg
GCAM,HFC125_emissions,2015,40.3564006,Gg
GCAM,HFC125_emissions,2016,46.46968814,Gg
GCAM,HFC125_emissions,2017,52.58297568,Gg
GCAM,HFC125_emissions,2018,58.69626322,Gg
GCAM,HFC125_emissions,2019,64.80955076,Gg
GCAM,HFC125_emissions,2020,70.9228383,Gg
GCAM,HFC125_emissions,2021,75.64676872,Gg
GCAM,HFC125_emissions,2022,80.37069914,Gg
GCAM,HFC125_emissions,2023,85.09462956,Gg
GCAM,HFC125_emissions,2024,89.81855998,Gg
GCAM,HFC125_emissions,2025,94.5424904,Gg
GCAM,HFC125_emissions,2026,100.81558902,Gg
GCAM,HFC125_emissions,2027,107.08868764,Gg
GCAM,HFC125_emissions,2028,113.36178626,Gg
GCAM,HFC125_emissions,2029,119.63488488,Gg
GCAM,HFC125_emissions,2030,125.9079835,Gg
GCAM,HFC125_emissions,2031,129.0597959,Gg
GCAM,HFC125_emissions,2032,132.2116083,Gg
GCAM,HFC125_emissions,2033,135.3634207,Gg
GCAM,HFC125_emissions,2034,138.5152331,Gg
GCAM,HFC125_emissions,2035,141.6670455,Gg
GCAM,HFC125_emissions,2036,144.73662972,Gg
GCAM,HFC125_emissions,2037,147.80621394,Gg
GCAM,HFC125_emissions,2038,150.87579816,Gg
GCAM,HFC125_emissions,2039,153.94538238,Gg
GCAM,HFC125_emissions,2040,157.0149666,Gg
GCAM,HFC125_emissions,2041,160.38547388,Gg
GCAM,HFC125_emissions,2042,163.75598116,Gg
GCAM,HFC125_emissions,2043,167.12648844,Gg
GCAM,HFC125_emissions,2044,170.49699572,Gg
GCAM,HFC125_emissions,2045,173.867503,Gg
GCAM,HFC125_emissions,2046,177.1927984,Gg
GCAM,HFC125_emissions,2047,180.5180938,Gg
GCAM,HFC125_emissions,2048,183.8433892,Gg
GCAM,HFC125_emissions,2049,187.1686846,Gg
GCAM,HFC125_emissions,2050,190.49398,Gg
GCAM,HFC125_emissions,2051,193.9413948,Gg
GCAM,HFC125_emissions,2052,197.3888096,Gg
GCAM,HFC125_emissions,2053,200.8362244,Gg
GCAM,HFC125_emissions,2054,204.2836392,Gg
GCAM,HFC125_emissions,2055,207.731054,Gg
GCAM,HFC125_emissions,2056,211.33208544,Gg
GCAM,HFC125_emissions,2057,214.93311688,Gg
GCAM,HFC125_emissions,2058,218.53414832,Gg
GCAM,HFC125_emissions,2059,222.13517976,Gg
GCAM,HFC125_emissions,2060,225.7362112,Gg
GCAM,HFC125_emissions,2061,229.43489854,Gg
GCAM,HFC125_emissions,2062,233.13358588,Gg
GCAM,HFC125_emissions,2063,236.83227322,Gg
GCAM,HFC125_emissions,2064,240.53096056,Gg
GCAM,HFC125_emissions,2065,244.2296479,Gg
GCAM,HFC125_emissions,2066,248.03045928,Gg
GCAM,HFC125_emissions,2067,251.83127066,Gg
GCAM,HFC125_emissions,2068,255.63208204,Gg
GCAM,HFC125_emissions,2069,259.43289342,Gg
GCAM,HFC125_emissions,2070,263.2337048,Gg
GCAM,HFC125_emissions,2071,267.06224982,Gg
GCAM,HFC125_emissions,2072,270.89079484,Gg
GCAM,HFC125_emissions,2073,274.71933986,Gg
GCAM,HFC125_emissions,2074,278.54788488,Gg
GCAM,HFC125_emissions,2075,282.3764299,Gg
GCAM,HFC125_emissions,2076,286.09228464,Gg
GCAM,HFC125_emissions,2077,289.80813938,Gg
GCAM,HFC125_emissions,2078,293.52399412,Gg
GCAM,HFC125_emissions,2079,297.23984886,Gg
GCAM,HFC125_emissions,2080,300.9557036,Gg
GCAM,HFC125_emissions,2081,304.57210918,Gg
GCAM,HFC125_emissions,2082,308.18851476,Gg
GCAM,HFC125_emissions,2083,311.80492034,Gg
GCAM,HFC125_emissions,2084,315.42132592,Gg
GCAM,HFC125_emissions,2085,319.0377315,Gg
GCAM,HFC125_emissions,2086,322.44324708,Gg
GCAM,HFC125_emissions,2087,325.84876266,Gg
GCAM,HFC125_emissions,2088,329.25427824,Gg
GCAM,HFC125_emissions,2089,332.65979382,Gg
GCAM,HFC125_emissions,2090,336.0653094,Gg
GCAM,HFC125_emissions,2091,339.13463294,Gg
GCAM,HFC125_emissions,2092,342.20395648,Gg
GCAM,HFC125_emissions,2093,345.27328002,Gg
GCAM,HFC125_emissions,2094,348.34260356,Gg
GCAM,HFC125_emissions,2095,351.4119271,Gg
GCAM,HFC125_emissions,2096,354.63045316,Gg
GCAM,HFC125_emissions,2097,357.84897922,Gg
GCAM,HFC125_emissions,2098,361.06750528,Gg
GCAM,HFC125_emissions,2099,364.28603134,Gg
GCAM,HFC125_emissions,2100,367.5045574,Gg
GCAM,HFC134a_emissions,2005,130.6108405616,Gg
GCAM,HFC134a_emissions,2006,140.80914771785,Gg
GCAM,HFC134a_emissions,2007,151.0074548741,Gg
GCAM,HFC134a_emissions,2008,161.20576203035,Gg
GCAM,HFC134a_emissions,2009,171.4040691866,Gg
GCAM,HFC134a_emissions,2010,181.60237634285,Gg
GCAM,HFC134a_emissions,2011,194.11308099232,Gg
GCAM,HFC134a_emissions,2012,206.62378564179,Gg
GCAM,HFC134a_emissions,2013,219.13449029126,Gg
GCAM,HFC134a_emissions,2014,231.64519494073,Gg
GCAM,HFC134a_emissions,2015,244.1558995902,Gg
GCAM,HFC134a_emissions,2016,248.86096284969,Gg
GCAM,HFC134a_emissions,2017,253.56602610918,Gg
GCAM,HFC134a_emissions,2018,258.27108936867,Gg
GCAM,HFC134a_emissions,2019,262.97615262816,Gg
GCAM,HFC134a_emissions,2020,267.68121588765,Gg
GCAM,HFC134a_emissions,2021,273.90183581855,Gg
GCAM,HFC134a_emissions,2022,280.12245574945,Gg
GCAM,HFC134a_emissions,2023,286.34307568035,Gg
GCAM,HFC134a_emissions,2024,292.56369561125,Gg
GCAM,HFC134a_emissions,2025,298.78431554215,Gg
GCAM,HFC134a_emissions,2026,307.16597986622,Gg
GCAM,HFC134a_emissions,2027,315.54764419029,Gg
GCAM,HFC134a_emissions,2028,323.92930851436,Gg
GCAM,HFC134a_emissions,2029,332.31097283843,Gg
GCAM,HFC134a_emissions,2030,340.6926371625,Gg
GCAM,HFC134a_emissions,2031,348.0944048484,Gg
GCAM,HFC134a_emissions,2032,355.4961725343,Gg
GCAM,HFC134a_emissions,2033,362.8979402202,Gg
GCAM,HFC134a_emissions,2034,370.2997079061,Gg
GCAM,HFC134a_emissions,2035,377.701475592,Gg
GCAM,HFC134a_emissions,2036,385.255657705,Gg
GCAM,HFC134a_emissions,2037,392.809839818,Gg
GCAM,HFC134a_emissions,2038,400.364021931,Gg
GCAM,HFC134a_emissions,2039,407.918204044,Gg
GCAM,HFC134a_emissions,2040,415.472386157,Gg
GCAM,HFC134a_emissions,2041,424.8862441789,Gg
GCAM,HFC134a_emissions,2042,434.3001022008,Gg
GCAM,HFC134a_emissions,2043,443.7139602227,Gg
GCAM,HFC134a_emissions,2044,453.1278182446,Gg
GCAM,HFC134a_emissions,2045,462.5416762665,Gg
GCAM,HFC134a_emissions,2046,472.5815073442,Gg
GCAM,HFC134a_emissions,2047,482.6213384219,Gg
GCAM,HFC134a_emissions,2048,492.6611694996,Gg
GCAM,HFC134a_emissions,2049,502.7010005773,Gg
GCAM,HFC134a_emissions,2050,512.740831655,Gg
GCAM,HFC134a_emissions,2051,523.8713535624,Gg
GCAM,HFC134a_emissions,2052,535.0018754698,Gg
GCAM,HFC134a_emissions,2053,546.1323973772,Gg
GCAM,HFC134a_emissions,2054,557.2629192846,Gg
GCAM,HFC134a_emissions,2055,568.393441192,Gg
GCAM,HFC134a_emissions,2056,580.856977173,Gg
GCAM,HFC134a_emissions,2057,593.320513154,Gg
GCAM,HFC134a_emissions,2058,605.784049135,Gg
GCAM,HFC134a_emissions,2059,618.247585116,Gg
GCAM,HFC134a_emissions,2060,630.711121097,Gg
GCAM,HFC134a_emissions,2061,644.4099498226,Gg
GCAM,HFC134a_emissions,2062,658.1087785482,Gg
GCAM,HFC134a_emissions,2063,671.8076072738,Gg
GCAM,HFC134a_emissions,2064,685.5064359994,Gg
GCAM,HFC134a_emissions,2065,699.205264725,Gg
GCAM,HFC134a_emissions,2066,714.1645391577,Gg
GCAM,HFC134a_emissions,2067,729.1238135904,Gg
GCAM,HFC134a_emissions,2068,744.0830880231,Gg
GCAM,HFC134a_emissions,2069,759.0423624558,Gg
GCAM,HFC134a_emissions,2070,774.0016368885,Gg
GCAM,HFC134a_emissions,2071,789.931163421,Gg
GCAM,HFC134a_emissions,2072,805.8606899535,Gg
GCAM,HFC134a_emissions,2073,821.790216486,Gg
GCAM,HFC134a_emissions,2074,837.7197430185,Gg
GCAM,HFC134a_emissions,2075,853.649269551,Gg
GCAM,HFC134a_emissions,2076,869.9942979108,Gg
GCAM,HFC134a_emissions,2077,886.3393262706,Gg
GCAM,HFC134a_emissions,2078,902.6843546304,Gg
GCAM,HFC134a_emissions,2079,919.0293829902,Gg
GCAM,HFC134a_emissions,2080,935.37441135,Gg
GCAM,HFC134a_emissions,2081,951.899082004,Gg
GCAM,HFC134a_emissions,2082,968.423752658,Gg
GCAM,HFC134a_emissions,2083,984.948423312,Gg
GCAM,HFC134a_emissions,2084,1001.473093966,Gg
GCAM,HFC134a_emissions,2085,1017.99776462,Gg
GCAM,HFC134a_emissions,2086,1034.22021208,Gg
GCAM,HFC134a_emissions,2087,1050.44265954,Gg
GCAM,HFC134a_emissions,2088,1066.665107,Gg
GCAM,HFC134a_emissions,2089,1082.88755446,Gg
GCAM,HFC134a_emissions,2090,1099.11000192,Gg
GCAM,HFC134a_emissions,2091,1114.3365281254,Gg
GCAM,HFC134a_emissions,2092,1129.5630543308,Gg
GCAM,HFC134a_emissions,2093,1144.7895805362,Gg
GCAM,HFC134a_emissions,2094,1160.0161067416,Gg
GCAM,HFC134a_emissions,2095,1175.242632947,Gg
GCAM,HFC134a_emissions,2096,1191.0368609032,Gg
GCAM,HFC134a_emissions,2097,1206.8310888594,Gg
GCAM,HFC134a_emissions,2098,1222.6253168156,Gg
GCAM,HFC134a_emissions,2099,1238.4195447718,Gg
GCAM,HFC134a_emissions,2100,1254.213772728,Gg
GCAM,HFC143a_emissions,2005,16.657870006495,Gg
GCAM,HFC143a_emissions,2006,18.9563641178516,Gg
GCAM,HFC143a_emissions,2007,21.2548582292082,Gg
GCAM,HFC143a_emissions,2008,23.5533523405648,Gg
GCAM,HFC143a_emissions,2009,25.8518464519214,Gg
GCAM,HFC143a_emissions,2010,28.150340563278,Gg
GCAM,HFC143a_emissions,2011,31.3483420289326,Gg
GCAM,HFC143a_emissions,2012,34.5463434945872,Gg
GCAM,HFC143a_emissions,2013,37.7443449602418,Gg
GCAM,HFC143a_emissions,2014,40.9423464258964,Gg
GCAM,HFC143a_emissions,2015,44.140347891551,Gg
GCAM,HFC143a_emissions,2016,50.7496614783608,Gg
GCAM,HFC143a_emissions,2017,57.3589750651706,Gg
GCAM,HFC143a_emissions,2018,63.9682886519804,Gg
GCAM,HFC143a_emissions,2019,70.5776022387902,Gg
GCAM,HFC143a_emissions,2020,77.1869158256,Gg
GCAM,HFC143a_emissions,2021,82.2965301352156,Gg
GCAM,HFC143a_emissions,2022,87.4061444448312,Gg
GCAM,HFC143a_emissions,2023,92.5157587544468,Gg
GCAM,HFC143a_emissions,2024,97.6253730640624,Gg
GCAM,HFC143a_emissions,2025,102.734987373678,Gg
GCAM,HFC143a_emissions,2026,109.527546196025,Gg
GCAM,HFC143a_emissions,2027,116.320105018371,Gg
GCAM,HFC143a_emissions,2028,123.112663840718,Gg
GCAM,HFC143a_emissions,2029,129.905222663064,Gg
GCAM,HFC143a_emissions,2030,136.697781485411,Gg
GCAM,HFC143a_emissions,2031,140.130019417283,Gg
GCAM,HFC143a_emissions,2032,143.562257349154,Gg
GCAM,HFC143a_emissions,2033,146.994495281026,Gg
GCAM,HFC143a_emissions,2034,150.426733212897,Gg
GCAM,HFC143a_emissions,2035,153.858971144769,Gg
GCAM,HFC143a_emissions,2036,157.207243794095,Gg
GCAM,HFC143a_emissions,2037,160.555516443421,Gg
GCAM,HFC143a_emissions,2038,163.903789092746,Gg
GCAM,HFC143a_emissions,2039,167.252061742072,Gg
GCAM,HFC143a_emissions,2040,170.600334391398,Gg
GCAM,HFC143a_emissions,2041,174.283050868441,Gg
GCAM,HFC143a_emissions,2042,177.965767345485,Gg
GCAM,HFC143a_emissions,2043,181.648483822528,Gg
GCAM,HFC143a_emissions,2044,185.331200299572,Gg
GCAM,HFC143a_emissions,2045,189.013916776615,Gg
GCAM,HFC143a_emissions,2046,192.656934341164,Gg
GCAM,HFC143a_emissions,2047,196.299951905713,Gg
GCAM,HFC143a_emissions,2048,199.942969470261,Gg
GCAM,HFC143a_emissions,2049,203.58598703481,Gg
GCAM,HFC143a_emissions,2050,207.229004599359,Gg
GCAM,HFC143a_emissions,2051,211.015059955721,Gg
GCAM,HFC143a_emissions,2052,214.801115312083,Gg
GCAM,HFC143a_emissions,2053,218.587170668446,Gg
GCAM,HFC143a_emissions,2054,222.373226024808,Gg
GCAM,HFC143a_emissions,2055,226.15928138117,Gg
GCAM,HFC143a_emissions,2056,230.124658334144,Gg
GCAM,HFC143a_emissions,2057,234.090035287119,Gg
GCAM,HFC143a_emissions,2058,238.055412240093,Gg
GCAM,HFC143a_emissions,2059,242.020789193068,Gg
GCAM,HFC143a_emissions,2060,245.986166146042,Gg
GCAM,HFC143a_emissions,2061,250.07109563636,Gg
GCAM,HFC143a_emissions,2062,254.156025126678,Gg
GCAM,HFC143a_emissions,2063,258.240954616996,Gg
GCAM,HFC143a_emissions,2064,262.325884107314,Gg
GCAM,HFC143a_emissions,2065,266.410813597632,Gg
GCAM,HFC143a_emissions,2066,270.620435948384,Gg
GCAM,HFC143a_emissions,2067,274.830058299136,Gg
GCAM,HFC143a_emissions,2068,279.039680649889,Gg
GCAM,HFC143a_emissions,2069,283.249303000641,Gg
GCAM,HFC143a_emissions,2070,287.458925351393,Gg
GCAM,HFC143a_emissions,2071,291.71126279039,Gg
GCAM,HFC143a_emissions,2072,295.963600229386,Gg
GCAM,HFC143a_emissions,2073,300.215937668383,Gg
GCAM,HFC143a_emissions,2074,304.468275107379,Gg
GCAM,HFC143a_emissions,2075,308.720612546376,Gg
GCAM,HFC143a_emissions,2076,312.860099530852,Gg
GCAM,HFC143a_emissions,2077,316.999586515328,Gg
GCAM,HFC143a_emissions,2078,321.139073499804,Gg
GCAM,HFC143a_emissions,2079,325.27856048428,Gg
GCAM,HFC143a_emissions,2080,329.418047468756,Gg
GCAM,HFC143a_emissions,2081,333.455624528629,Gg
GCAM,HFC143a_emissions,2082,337.493201588502,Gg
GCAM,HFC143a_emissions,2083,341.530778648376,Gg
GCAM,HFC143a_emissions,2084,345.568355708249,Gg
GCAM,HFC143a_emissions,2085,349.605932768122,Gg
GCAM,HFC143a_emissions,2086,353.417407761776,Gg
GCAM,HFC143a_emissions,2087,357.22888275543,Gg
GCAM,HFC143a_emissions,2088,361.040357749084,Gg
GCAM,HFC143a_emissions,2089,364.851832742738,Gg
GCAM,HFC143a_emissions,2090,368.663307736392,Gg
GCAM,HFC143a_emissions,2091,372.106972005354,Gg
GCAM,HFC143a_emissions,2092,375.550636274316,Gg
GCAM,HFC143a_emissions,2093,378.994300543279,Gg
GCAM,HFC143a_emissions,2094,382.437964812241,Gg
GCAM,HFC143a_emissions,2095,385.881629081203,Gg
GCAM,HFC143a_emissions,2096,389.491911282444,Gg
GCAM,HFC143a_emissions,2097,393.102193483686,Gg
GCAM,HFC143a_emissions,2098,396.712475684927,Gg
GCAM,HFC143a_emissions,2099,400.322757886169,Gg
GCAM,HFC143a_emissions,2100,403.93304008741,Gg
GCAM,HFC227ea_emissions,2005,2.12818461,Gg
GCAM,HFC227ea_emissions,2006,2.440916044,Gg
GCAM,HFC227ea_emissions,2007,2.753647478,Gg
GCAM,HFC227ea_emissions,2008,3.066378912,Gg
GCAM,HFC227ea_emissions,2009,3.379110346,Gg
GCAM,HFC227ea_emissions,2010,3.69184178,Gg
GCAM,HFC227ea_emissions,2011,4.154481724,Gg
GCAM,HFC227ea_emissions,2012,4.617121668,Gg
GCAM,HFC227ea_emissions,2013,5.079761612,Gg
GCAM,HFC227ea_emissions,2014,5.542401556,Gg
GCAM,HFC227ea_emissions,2015,6.0050415,Gg
GCAM,HFC227ea_emissions,2016,5.513627064,Gg
GCAM,HFC227ea_emissions,2017,5.022212628,Gg
GCAM,HFC227ea_emissions,2018,4.530798192,Gg
GCAM,HFC227ea_emissions,2019,4.039383756,Gg
GCAM,HFC227ea_emissions,2020,3.54796932,Gg
GCAM,HFC227ea_emissions,2021,3.570915532,Gg
GCAM,HFC227ea_emissions,2022,3.593861744,Gg
GCAM,HFC227ea_emissions,2023,3.616807956,Gg
GCAM,HFC227ea_emissions,2024,3.639754168,Gg
GCAM,HFC227ea_emissions,2025,3.66270038,Gg
GCAM,HFC227ea_emissions,2026,3.791059204,Gg
GCAM,HFC227ea_emissions,2027,3.919418028,Gg
GCAM,HFC227ea_emissions,2028,4.047776852,Gg
GCAM,HFC227ea_emissions,2029,4.176135676,Gg
GCAM,HFC227ea_emissions,2030,4.3044945,Gg
GCAM,HFC227ea_emissions,2031,4.325363708,Gg
GCAM,HFC227ea_emissions,2032,4.346232916,Gg
GCAM,HFC227ea_emissions,2033,4.367102124,Gg
GCAM,HFC227ea_emissions,2034,4.387971332,Gg
GCAM,HFC227ea_emissions,2035,4.40884054,Gg
GCAM,HFC227ea_emissions,2036,4.427628788,Gg
GCAM,HFC227ea_emissions,2037,4.446417036,Gg
GCAM,HFC227ea_emissions,2038,4.465205284,Gg
GCAM,HFC227ea_emissions,2039,4.483993532,Gg
GCAM,HFC227ea_emissions,2040,4.50278178,Gg
GCAM,HFC227ea_emissions,2041,4.519788234,Gg
GCAM,HFC227ea_emissions,2042,4.536794688,Gg
GCAM,HFC227ea_emissions,2043,4.553801142,Gg
GCAM,HFC227ea_emissions,2044,4.570807596,Gg
GCAM,HFC227ea_emissions,2045,4.58781405,Gg
GCAM,HFC227ea_emissions,2046,4.602461246,Gg
GCAM,HFC227ea_emissions,2047,4.617108442,Gg
GCAM,HFC227ea_emissions,2048,4.631755638,Gg
GCAM,HFC227ea_emissions,2049,4.646402834,Gg
GCAM,HFC227ea_emissions,2050,4.66105003,Gg
GCAM,HFC227ea_emissions,2051,4.673053482,Gg
GCAM,HFC227ea_emissions,2052,4.685056934,Gg
GCAM,HFC227ea_emissions,2053,4.697060386,Gg
GCAM,HFC227ea_emissions,2054,4.709063838,Gg
GCAM,HFC227ea_emissions,2055,4.72106729,Gg
GCAM,HFC227ea_emissions,2056,4.730414408,Gg
GCAM,HFC227ea_emissions,2057,4.739761526,Gg
GCAM,HFC227ea_emissions,2058,4.749108644,Gg
GCAM,HFC227ea_emissions,2059,4.758455762,Gg
GCAM,HFC227ea_emissions,2060,4.76780288,Gg
GCAM,HFC227ea_emissions,2061,4.773752688,Gg
GCAM,HFC227ea_emissions,2062,4.779702496,Gg
GCAM,HFC227ea_emissions,2063,4.785652304,Gg
GCAM,HFC227ea_emissions,2064,4.791602112,Gg
GCAM,HFC227ea_emissions,2065,4.79755192,Gg
GCAM,HFC227ea_emissions,2066,4.800487942,Gg
GCAM,HFC227ea_emissions,2067,4.803423964,Gg
GCAM,HFC227ea_emissions,2068,4.806359986,Gg
GCAM,HFC227ea_emissions,2069,4.809296008,Gg
GCAM,HFC227ea_emissions,2070,4.81223203,Gg
GCAM,HFC227ea_emissions,2071,4.812478832,Gg
GCAM,HFC227ea_emissions,2072,4.812725634,Gg
GCAM,HFC227ea_emissions,2073,4.812972436,Gg
GCAM,HFC227ea_emissions,2074,4.813219238,Gg
GCAM,HFC227ea_emissions,2075,4.81346604,Gg
GCAM,HFC227ea_emissions,2076,4.811253252,Gg
GCAM,HFC227ea_emissions,2077,4.809040464,Gg
GCAM,HFC227ea_emissions,2078,4.806827676,Gg
GCAM,HFC227ea_emissions,2079,4.804614888,Gg
GCAM,HFC227ea_emissions,2080,4.8024021,Gg
GCAM,HFC227ea_emissions,2081,4.797926254,Gg
GCAM,HFC227ea_emissions,2082,4.793450408,Gg
GCAM,HFC227ea_emissions,2083,4.788974562,Gg
GCAM,HFC227ea_emissions,2084,4.784498716,Gg
GCAM,HFC227ea_emissions,2085,4.78002287,Gg
GCAM,HFC227ea_emissions,2086,4.773321088,Gg
GCAM,HFC227ea_emissions,2087,4.766619306,Gg
GCAM,HFC227ea_emissions,2088,4.759917524,Gg
GCAM,HFC227ea_emissions,2089,4.753215742,Gg
GCAM,HFC227ea_emissions,2090,4.74651396,Gg
GCAM,HFC227ea_emissions,2091,4.737664394,Gg
GCAM,HFC227ea_emissions,2092,4.728814828,Gg
GCAM,HFC227ea_emissions,2093,4.719965262,Gg
GCAM,HFC227ea_emissions,2094,4.711115696,Gg
GCAM,HFC227ea_emissions,2095,4.70226613,Gg
GCAM,HFC227ea_emissions,2096,4.691212622,Gg
GCAM,HFC227ea_emissions,2097,4.680159114,Gg
GCAM,HFC227ea_emissions,2098,4.669105606,Gg
GCAM,HFC227ea_emissions,2099,4.658052098,Gg
GCAM,HFC227ea_emissions,2100,4.64699859,Gg
GCAM,HFC23_emissions,2005,6.8150582827,Gg
GCAM,HFC23_emissions,2006,7.26096247522,Gg
GCAM,HFC23_emissions,2007,7.70686666774,Gg
GCAM,HFC23_emissions,2008,8.15277086026,Gg
GCAM,HFC23_emissions,2009,8.59867505278,Gg
GCAM,HFC23_emissions,2010,9.0445792453,Gg
GCAM,HFC23_emissions,2011,9.307510949732,Gg
GCAM,HFC23_emissions,2012,9.570442654164,Gg
GCAM,HFC23_emissions,2013,9.833374358596,Gg
GCAM,HFC23_emissions,2014,10.096306063028,Gg
GCAM,HFC23_emissions,2015,10.35923776746,Gg
GCAM,HFC23_emissions,2016,10.866451332628,Gg
GCAM,HFC23_emissions,2017,11.373664897796,Gg
GCAM,HFC23_emissions,2018,11.880878462964,Gg
GCAM,HFC23_emissions,2019,12.388092028132,Gg
GCAM,HFC23_emissions,2020,12.8953055933,Gg
GCAM,HFC23_emissions,2021,13.403430525042,Gg
GCAM,HFC23_emissions,2022,13.911555456784,Gg
GCAM,HFC23_emissions,2023,14.419680388526,Gg
GCAM,HFC23_emissions,2024,14.927805320268,Gg
GCAM,HFC23_emissions,2025,15.43593025201,Gg
GCAM,HFC23_emissions,2026,15.85179777875,Gg
GCAM,HFC23_emissions,2027,16.26766530549,Gg
GCAM,HFC23_emissions,2028,16.68353283223,Gg
GCAM,HFC23_emissions,2029,17.09940035897,Gg
GCAM,HFC23_emissions,2030,17.51526788571,Gg
GCAM,HFC23_emissions,2031,17.803005597838,Gg
GCAM,HFC23_emissions,2032,18.090743309966,Gg
GCAM,HFC23_emissions,2033,18.378481022094,Gg
GCAM,HFC23_emissions,2034,18.666218734222,Gg
GCAM,HFC23_emissions,2035,18.95395644635,Gg
GCAM,HFC23_emissions,2036,19.15576107464,Gg
GCAM,HFC23_emissions,2037,19.35756570293,Gg
GCAM,HFC23_emissions,2038,19.55937033122,Gg
GCAM,HFC23_emissions,2039,19.76117495951,Gg
GCAM,HFC23_emissions,2040,19.9629795878,Gg
GCAM,HFC23_emissions,2041,20.099190808414,Gg
GCAM,HFC23_emissions,2042,20.235402029028,Gg
GCAM,HFC23_emissions,2043,20.371613249642,Gg
GCAM,HFC23_emissions,2044,20.507824470256,Gg
GCAM,HFC23_emissions,2045,20.64403569087,Gg
GCAM,HFC23_emissions,2046,20.712223201048,Gg
GCAM,HFC23_emissions,2047,20.780410711226,Gg
GCAM,HFC23_emissions,2048,20.848598221404,Gg
GCAM,HFC23_emissions,2049,20.916785731582,Gg
GCAM,HFC23_emissions,2050,20.98497324176,Gg
GCAM,HFC23_emissions,2051,20.999178429768,Gg
GCAM,HFC23_emissions,2052,21.013383617776,Gg
GCAM,HFC23_emissions,2053,21.027588805784,Gg
GCAM,HFC23_emissions,2054,21.041793993792,Gg
GCAM,HFC23_emissions,2055,21.0559991818,Gg
GCAM,HFC23_emissions,2056,21.036184373748,Gg
GCAM,HFC23_emissions,2057,21.016369565696,Gg
GCAM,HFC23_emissions,2058,20.996554757644,Gg
GCAM,HFC23_emissions,2059,20.976739949592,Gg
GCAM,HFC23_emissions,2060,20.95692514154,Gg
GCAM,HFC23_emissions,2061,20.907177470196,Gg
GCAM,HFC23_emissions,2062,20.857429798852,Gg
GCAM,HFC23_emissions,2063,20.807682127508,Gg
GCAM,HFC23_emissions,2064,20.757934456164,Gg
GCAM,HFC23_emissions,2065,20.70818678482,Gg
GCAM,HFC23_emissions,2066,20.641346788934,Gg
GCAM,HFC23_emissions,2067,20.574506793048,Gg
GCAM,HFC23_emissions,2068,20.507666797162,Gg
GCAM,HFC23_emissions,2069,20.440826801276,Gg
GCAM,HFC23_emissions,2070,20.37398680539,Gg
GCAM,HFC23_emissions,2071,20.294715734482,Gg
GCAM,HFC23_emissions,2072,20.215444663574,Gg
GCAM,HFC23_emissions,2073,20.136173592666,Gg
GCAM,HFC23_emissions,2074,20.056902521758,Gg
GCAM,HFC23_emissions,2075,19.97763145085,Gg
GCAM,HFC23_emissions,2076,19.88815968786,Gg
GCAM,HFC23_emissions,2077,19.79868792487,Gg
GCAM,HFC23_emissions,2078,19.70921616188,Gg
GCAM,HFC23_emissions,2079,19.61974439889,Gg
GCAM,HFC23_emissions,2080,19.5302726359,Gg
GCAM,HFC23_emissions,2081,19.433518585092,Gg
GCAM,HFC23_emissions,2082,19.336764534284,Gg
GCAM,HFC23_emissions,2083,19.240010483476,Gg
GCAM,HFC23_emissions,2084,19.143256432668,Gg
GCAM,HFC23_emissions,2085,19.04650238186,Gg
GCAM,HFC23_emissions,2086,18.945664927202,Gg
GCAM,HFC23_emissions,2087,18.844827472544,Gg
GCAM,HFC23_emissions,2088,18.743990017886,Gg
GCAM,HFC23_emissions,2089,18.643152563228,Gg
GCAM,HFC23_emissions,2090,18.54231510857,Gg
GCAM,HFC23_emissions,2091,18.443500710784,Gg
GCAM,HFC23_emissions,2092,18.344686312998,Gg
GCAM,HFC23_emissions,2093,18.245871915212,Gg
GCAM,HFC23_emissions,2094,18.147057517426,Gg
GCAM,HFC23_emissions,2095,18.04824311964,Gg
GCAM,HFC23_emissions,2096,17.956435731662,Gg
GCAM,HFC23_emissions,2097,17.864628343684,Gg
GCAM,HFC23_emissions,2098,17.772820955706,Gg
GCAM,HFC23_emissions,2099,17.681013567728,Gg
GCAM,HFC23_emissions,2100,17.58920617975,Gg
GCAM,HFC245fa_emissions,2005,3.426573290183,Gg
GCAM,HFC245fa_emissions,2006,4.0699082526448,Gg
GCAM,HFC245fa_emissions,2007,4.7132432151066,Gg
GCAM,HFC245fa_emissions,2008,5.3565781775684,Gg
GCAM,HFC245fa_emissions,2009,5.9999131400302,Gg
GCAM,HFC245fa_emissions,2010,6.643248102492,Gg
GCAM,HFC245fa_emissions,2011,7.0125797396054,Gg
GCAM,HFC245fa_emissions,2012,7.3819113767188,Gg
GCAM,HFC245fa_emissions,2013,7.7512430138322,Gg
GCAM,HFC245fa_emissions,2014,8.1205746509456,Gg
GCAM,HFC245fa_emissions,2015,8.489906288059,Gg
GCAM,HFC245fa_emissions,2016,8.6074038299644,Gg
GCAM,HFC245fa_emissions,2017,8.7249013718698,Gg
GCAM,HFC245fa_emissions,2018,8.8423989137752,Gg
GCAM,HFC245fa_emissions,2019,8.9598964556806,Gg
GCAM,HFC245fa_emissions,2020,9.077393997586,Gg
GCAM,HFC245fa_emissions,2021,9.1309888063366,Gg
GCAM,HFC245fa_emissions,2022,9.1845836150872,Gg
GCAM,HFC245fa_emissions,2023,9.2381784238378,Gg
GCAM,HFC245fa_emissions,2024,9.2917732325884,Gg
GCAM,HFC245fa_emissions,2025,9.345368041339,Gg
GCAM,HFC245fa_emissions,2026,10.1393900895152,Gg
GCAM,HFC245fa_emissions,2027,10.9334121376914,Gg
GCAM,HFC245fa_emissions,2028,11.7274341858676,Gg
GCAM,HFC245fa_emissions,2029,12.5214562340438,Gg
GCAM,HFC245fa_emissions,2030,13.31547828222,Gg
GCAM,HFC245fa_emissions,2031,13.46806981581,Gg
GCAM,HFC245fa_emissions,2032,13.6206613494,Gg
GCAM,HFC245fa_emissions,2033,13.77325288299,Gg
GCAM,HFC245fa_emissions,2034,13.92584441658,Gg
GCAM,HFC245fa_emissions,2035,14.07843595017,Gg
GCAM,HFC245fa_emissions,2036,14.23326521931,Gg
GCAM,HFC245fa_emissions,2037,14.38809448845,Gg
GCAM,HFC245fa_emissions,2038,14.54292375759,Gg
GCAM,HFC245fa_emissions,2039,14.69775302673,Gg
GCAM,HFC245fa_emissions,2040,14.85258229587,Gg
GCAM,HFC245fa_emissions,2041,15.039169295792,Gg
GCAM,HFC245fa_emissions,2042,15.225756295714,Gg
GCAM,HFC245fa_emissions,2043,15.412343295636,Gg
GCAM,HFC245fa_emissions,2044,15.598930295558,Gg
GCAM,HFC245fa_emissions,2045,15.78551729548,Gg
GCAM,HFC245fa_emissions,2046,15.972853229264,Gg
GCAM,HFC245fa_emissions,2047,16.160189163048,Gg
GCAM,HFC245fa_emissions,2048,16.347525096832,Gg
GCAM,HFC245fa_emissions,2049,16.534861030616,Gg
GCAM,HFC245fa_emissions,2050,16.7221969644,Gg
GCAM,HFC245fa_emissions,2051,16.915820440264,Gg
GCAM,HFC245fa_emissions,2052,17.109443916128,Gg
GCAM,HFC245fa_emissions,2053,17.303067391992,Gg
GCAM,HFC245fa_emissions,2054,17.496690867856,Gg
GCAM,HFC245fa_emissions,2055,17.69031434372,Gg
GCAM,HFC245fa_emissions,2056,17.892392996044,Gg
GCAM,HFC245fa_emissions,2057,18.094471648368,Gg
GCAM,HFC245fa_emissions,2058,18.296550300692,Gg
GCAM,HFC245fa_emissions,2059,18.498628953016,Gg
GCAM,HFC245fa_emissions,2060,18.70070760534,Gg
GCAM,HFC245fa_emissions,2061,18.902164154406,Gg
GCAM,HFC245fa_emissions,2062,19.103620703472,Gg
GCAM,HFC245fa_emissions,2063,19.305077252538,Gg
GCAM,HFC245fa_emissions,2064,19.506533801604,Gg
GCAM,HFC245fa_emissions,2065,19.70799035067,Gg
GCAM,HFC245fa_emissions,2066,19.90311101957,Gg
GCAM,HFC245fa_emissions,2067,20.09823168847,Gg
GCAM,HFC245fa_emissions,2068,20.29335235737,Gg
GCAM,HFC245fa_emissions,2069,20.48847302627,Gg
GCAM,HFC245fa_emissions,2070,20.68359369517,Gg
GCAM,HFC245fa_emissions,2071,20.865807767044,Gg
GCAM,HFC245fa_emissions,2072,21.048021838918,Gg
GCAM,HFC245fa_emissions,2073,21.230235910792,Gg
GCAM,HFC245fa_emissions,2074,21.412449982666,Gg
GCAM,HFC245fa_emissions,2075,21.59466405454,Gg
GCAM,HFC245fa_emissions,2076,21.760535329894,Gg
GCAM,HFC245fa_emissions,2077,21.926406605248,Gg
GCAM,HFC245fa_emissions,2078,22.092277880602,Gg
GCAM,HFC245fa_emissions,2079,22.258149155956,Gg
GCAM,HFC245fa_emissions,2080,22.42402043131,Gg
GCAM,HFC245fa_emissions,2081,22.576157740466,Gg
GCAM,HFC245fa_emissions,2082,22.728295049622,Gg
GCAM,HFC245fa_emissions,2083,22.880432358778,Gg
GCAM,HFC245fa_emissions,2084,23.032569667934,Gg
GCAM,HFC245fa_emissions,2085,23.18470697709,Gg
GCAM,HFC245fa_emissions,2086,23.322322760804,Gg
GCAM,HFC245fa_emissions,2087,23.459938544518,Gg
GCAM,HFC245fa_emissions,2088,23.597554328232,Gg
GCAM,HFC245fa_emissions,2089,23.735170111946,Gg
GCAM,HFC245fa_emissions,2090,23.87278589566,Gg
GCAM,HFC245fa_emissions,2091,23.991049057734,Gg
GCAM,HFC245fa_emissions,2092,24.109312219808,Gg
GCAM,HFC245fa_emissions,2093,24.227575381882,Gg
GCAM,HFC245fa_emissions,2094,24.345838543956,Gg
GCAM,HFC245fa_emissions,2095,24.46410170603,Gg
GCAM,HFC245fa_emissions,2096,24.559087919772,Gg
GCAM,HFC245fa_emissions,2097,24.654074133514,Gg
GCAM,HFC245fa_emissions,2098,24.749060347256,Gg
GCAM,HFC245fa_emissions,2099,24.844046560998,Gg
GCAM,HFC245fa_emissions,2100,24.93903277474,Gg
GCAM,HFC32_emissions,2005,1.206075111,Gg
GCAM,HFC32_emissions,2006,1.3704834904,Gg
GCAM,HFC32_emissions,2007,1.5348918698,Gg
GCAM,HFC32_emissions,2008,1.6993002492,Gg
GCAM,HFC32_emissions,2009,1.8637086286,Gg
GCAM,HFC32_emissions,2010,2.028117008,Gg
GCAM,HFC32_emissions,2011,2.258145544,Gg
GCAM,HFC32_emissions,2012,2.48817408,Gg
GCAM,HFC32_emissions,2013,2.718202616,Gg
GCAM,HFC32_emissions,2014,2.948231152,Gg
GCAM,HFC32_emissions,2015,3.178259688,Gg
GCAM,HFC32_emissions,2016,3.6608709984,Gg
GCAM,HFC32_emissions,2017,4.1434823088,Gg
GCAM,HFC32_emissions,2018,4.6260936192,Gg
GCAM,HFC32_emissions,2019,5.1087049296,Gg
GCAM,HFC32_emissions,2020,5.59131624,Gg
GCAM,HFC32_emissions,2021,5.964743756,Gg
GCAM,HFC32_emissions,2022,6.338171272,Gg
GCAM,HFC32_emissions,2023,6.711598788,Gg
GCAM,HFC32_emissions,2024,7.085026304,Gg
GCAM,HFC32_emissions,2025,7.45845382,Gg
GCAM,HFC32_emissions,2026,7.954255886,Gg
GCAM,HFC32_emissions,2027,8.450057952,Gg
GCAM,HFC32_emissions,2028,8.945860018,Gg
GCAM,HFC32_emissions,2029,9.441662084,Gg
GCAM,HFC32_emissions,2030,9.93746415,Gg
GCAM,HFC32_emissions,2031,10.186159002,Gg
GCAM,HFC32_emissions,2032,10.434853854,Gg
GCAM,HFC32_emissions,2033,10.683548706,Gg
GCAM,HFC32_emissions,2034,10.932243558,Gg
GCAM,HFC32_emissions,2035,11.18093841,Gg
GCAM,HFC32_emissions,2036,11.423086088,Gg
GCAM,HFC32_emissions,2037,11.665233766,Gg
GCAM,HFC32_emissions,2038,11.907381444,Gg
GCAM,HFC32_emissions,2039,12.149529122,Gg
GCAM,HFC32_emissions,2040,12.3916768,Gg
GCAM,HFC32_emissions,2041,12.657477708,Gg
GCAM,HFC32_emissions,2042,12.923278616,Gg
GCAM,HFC32_emissions,2043,13.189079524,Gg
GCAM,HFC32_emissions,2044,13.454880432,Gg
GCAM,HFC32_emissions,2045,13.72068134,Gg
GCAM,HFC32_emissions,2046,13.982821192,Gg
GCAM,HFC32_emissions,2047,14.244961044,Gg
GCAM,HFC32_emissions,2048,14.507100896,Gg
GCAM,HFC32_emissions,2049,14.769240748,Gg
GCAM,HFC32_emissions,2050,15.0313806,Gg
GCAM,HFC32_emissions,2051,15.30304648,Gg
GCAM,HFC32_emissions,2052,15.57471236,Gg
GCAM,HFC32_emissions,2053,15.84637824,Gg
GCAM,HFC32_emissions,2054,16.11804412,Gg
GCAM,HFC32_emissions,2055,16.38971,Gg
GCAM,HFC32_emissions,2056,16.673365498,Gg
GCAM,HFC32_emissions,2057,16.957020996,Gg
GCAM,HFC32_emissions,2058,17.240676494,Gg
GCAM,HFC32_emissions,2059,17.524331992,Gg
GCAM,HFC32_emissions,2060,17.80798749,Gg
GCAM,HFC32_emissions,2061,18.09922005,Gg
GCAM,HFC32_emissions,2062,18.39045261,Gg
GCAM,HFC32_emissions,2063,18.68168517,Gg
GCAM,HFC32_emissions,2064,18.97291773,Gg
GCAM,HFC32_emissions,2065,19.26415029,Gg
GCAM,HFC32_emissions,2066,19.563299818,Gg
GCAM,HFC32_emissions,2067,19.862449346,Gg
GCAM,HFC32_emissions,2068,20.161598874,Gg
GCAM,HFC32_emissions,2069,20.460748402,Gg
GCAM,HFC32_emissions,2070,20.75989793,Gg
GCAM,HFC32_emissions,2071,21.061098404,Gg
GCAM,HFC32_emissions,2072,21.362298878,Gg
GCAM,HFC32_emissions,2073,21.663499352,Gg
GCAM,HFC32_emissions,2074,21.964699826,Gg
GCAM,HFC32_emissions,2075,22.2659003,Gg
GCAM,HFC32_emissions,2076,22.55811982,Gg
GCAM,HFC32_emissions,2077,22.85033934,Gg
GCAM,HFC32_emissions,2078,23.14255886,Gg
GCAM,HFC32_emissions,2079,23.43477838,Gg
GCAM,HFC32_emissions,2080,23.7269979,Gg
GCAM,HFC32_emissions,2081,24.011308208,Gg
GCAM,HFC32_emissions,2082,24.295618516,Gg
GCAM,HFC32_emissions,2083,24.579928824,Gg
GCAM,HFC32_emissions,2084,24.864239132,Gg
GCAM,HFC32_emissions,2085,25.14854944,Gg
GCAM,HFC32_emissions,2086,25.416178124,Gg
GCAM,HFC32_emissions,2087,25.683806808,Gg
GCAM,HFC32_emissions,2088,25.951435492,Gg
GCAM,HFC32_emissions,2089,26.219064176,Gg
GCAM,HFC32_emissions,2090,26.48669286,Gg
GCAM,HFC32_emissions,2091,26.727818802,Gg
GCAM,HFC32_emissions,2092,26.968944744,Gg
GCAM,HFC32_emissions,2093,27.210070686,Gg
GCAM,HFC32_emissions,2094,27.451196628,Gg
GCAM,HFC32_emissions,2095,27.69232257,Gg
GCAM,HFC32_emissions,2096,27.94517625,Gg
GCAM,HFC32_emissions,2097,28.19802993,Gg
GCAM,HFC32_emissions,2098,28.45088361,Gg
GCAM,HFC32_emissions,2099,28.70373729,Gg
GCAM,HFC32_emissions,2100,28.95659097,Gg
GCAM,SF6_emissions,2005,2.5740714933,Gg
GCAM,SF6_emissions,2006,2.67197106176,Gg
GCAM,SF6_emissions,2007,2.76987063022,Gg
GCAM,SF6_emissions,2008,2.86777019868,Gg
GCAM,SF6_emissions,2009,2.96566976714,Gg
GCAM,SF6_emissions,2010,3.0635693356,Gg
GCAM,SF6_emissions,2011,3.1717685083,Gg
GCAM,SF6_emissions,2012,3.279967681,Gg
GCAM,SF6_emissions,2013,3.3881668537,Gg
GCAM,SF6_emissions,2014,3.4963660264,Gg
GCAM,SF6_emissions,2015,3.6045651991,Gg
GCAM,SF6_emissions,2016,3.687115972054,Gg
GCAM,SF6_emissions,2017,3.769666745008,Gg
GCAM,SF6_emissions,2018,3.852217517962,Gg
GCAM,SF6_emissions,2019,3.934768290916,Gg
GCAM,SF6_emissions,2020,4.01731906387,Gg
GCAM,SF6_emissions,2021,4.128638445344,Gg
GCAM,SF6_emissions,2022,4.239957826818,Gg
GCAM,SF6_emissions,2023,4.351277208292,Gg
GCAM,SF6_emissions,2024,4.462596589766,Gg
GCAM,SF6_emissions,2025,4.57391597124,Gg
GCAM,SF6_emissions,2026,4.687821788298,Gg
GCAM,SF6_emissions,2027,4.801727605356,Gg
GCAM,SF6_emissions,2028,4.915633422414,Gg
GCAM,SF6_emissions,2029,5.029539239472,Gg
GCAM,SF6_emissions,2030,5.14344505653,Gg
GCAM,SF6_emissions,2031,5.238695210522,Gg
GCAM,SF6_emissions,2032,5.333945364514,Gg
GCAM,SF6_emissions,2033,5.429195518506,Gg
GCAM,SF6_emissions,2034,5.524445672498,Gg
GCAM,SF6_emissions,2035,5.61969582649,Gg
GCAM,SF6_emissions,2036,5.697270003146,Gg
GCAM,SF6_emissions,2037,5.774844179802,Gg
GCAM,SF6_emissions,2038,5.852418356458,Gg
GCAM,SF6_emissions,2039,5.929992533114,Gg
GCAM,SF6_emissions,2040,6.00756670977,Gg
GCAM,SF6_emissions,2041,6.138677048508,Gg
GCAM,SF6_emissions,2042,6.269787387246,Gg
GCAM,SF6_emissions,2043,6.400897725984,Gg
GCAM,SF6_emissions,2044,6.532008064722,Gg
GCAM,SF6_emissions,2045,6.66311840346,Gg
GCAM,SF6_emissions,2046,6.785842581232,Gg
GCAM,SF6_emissions,2047,6.908566759004,Gg
GCAM,SF6_emissions,2048,7.031290936776,Gg
GCAM,SF6_emissions,2049,7.154015114548,Gg
GCAM,SF6_emissions,2050,7.27673929232,Gg
GCAM,SF6_emissions,2051,7.39567203185,Gg
GCAM,SF6_emissions,2052,7.51460477138,Gg
GCAM,SF6_emissions,2053,7.63353751091,Gg
GCAM,SF6_emissions,2054,7.75247025044,Gg
GCAM,SF6_emissions,2055,7.87140298997,Gg
GCAM,SF6_emissions,2056,7.987179896428,Gg
GCAM,SF6_emissions,2057,8.102956802886,Gg
GCAM,SF6_emissions,2058,8.218733709344,Gg
GCAM,SF6_emissions,2059,8.334510615802,Gg
GCAM,SF6_emissions,2060,8.45028752226,Gg
GCAM,SF6_emissions,2061,8.564127095776,Gg
GCAM,SF6_emissions,2062,8.677966669292,Gg
GCAM,SF6_emissions,2063,8.791806242808,Gg
GCAM,SF6_emissions,2064,8.905645816324,Gg
GCAM,SF6_emissions,2065,9.01948538984,Gg
GCAM,SF6_emissions,2066,9.138571902772,Gg
GCAM,SF6_emissions,2067,9.257658415704,Gg
GCAM,SF6_emissions,2068,9.376744928636,Gg
GCAM,SF6_emissions,2069,9.495831441568,Gg
GCAM,SF6_emissions,2070,9.6149179545,Gg
GCAM,SF6_emissions,2071,9.7323693945,Gg
GCAM,SF6_emissions,2072,9.8498208345,Gg
GCAM,SF6_emissions,2073,9.9672722745,Gg
GCAM,SF6_emissions,2074,10.0847237145,Gg
GCAM,SF6_emissions,2075,10.2021751545,Gg
GCAM,SF6_emissions,2076,10.31423835698,Gg
GCAM,SF6_emissions,2077,10.42630155946,Gg
GCAM,SF6_emissions,2078,10.53836476194,Gg
GCAM,SF6_emissions,2079,10.65042796442,Gg
GCAM,SF6_emissions,2080,10.7624911669,Gg
GCAM,SF6_emissions,2081,10.86332566222,Gg
GCAM,SF6_emissions,2082,10.96416015754,Gg
GCAM,SF6_emissions,2083,11.06499465286,Gg
GCAM,SF6_emissions,2084,11.16582914818,Gg
GCAM,SF6_emissions,2085,11.2666636435,Gg
GCAM,SF6_emissions,2086,11.35237169168,Gg
GCAM,SF6_emissions,2087,11.43807973986,Gg
GCAM,SF6_emissions,2088,11.52378778804,Gg
GCAM,SF6_emissions,2089,11.60949583622,Gg
GCAM,SF6_emissions,2090,11.6952038844,Gg
GCAM,SF6_emissions,2091,11.763308065898,Gg
GCAM,SF6_emissions,2092,11.831412247396,Gg
GCAM,SF6_emissions,2093,11.899516428894,Gg
GCAM,SF6_emissions,2094,11.967620610392,Gg
GCAM,SF6_emissions,2095,12.03572479189,Gg
GCAM,SF6_emissions,2096,12.093104698,Gg
GCAM,SF6_emissions,2097,12.15048460411,Gg
GCAM,SF6_emissions,2098,12.20786451022,Gg
GCAM,SF6_emissions,2099,12.26524441633,Gg
GCAM,SF6_emissions,2100,12.32262432244,Gg
GCAM,SO2_emissions,2005,62356.7778269073,Gg S
GCAM,SO2_emissions,2006,60668.1417525325,Gg S
GCAM,SO2_emissions,2007,58979.5056781577,Gg S
GCAM,SO2_emissions,2008,57290.8696037829,Gg S
GCAM,SO2_emissions,2009,55602.2335294081,Gg S
GCAM,SO2_emissions,2010,53913.5974550333,Gg S
GCAM,SO2_emissions,2011,52315.0714419487,Gg S
GCAM,SO2_emissions,2012,50716.5454288642,Gg S
GCAM,SO2_emissions,2013,49118.0194157797,Gg S
GCAM,SO2_emissions,2014,47519.4934026952,Gg S
GCAM,SO2_emissions,2015,45920.9673896107,Gg S
GCAM,SO2_emissions,2016,44556.6957366086,Gg S
GCAM,SO2_emissions,2017,43192.4240836065,Gg S
GCAM,SO2_emissions,2018,41828.1524306044,Gg S
GCAM,SO2_emissions,2019,40463.8807776023,Gg S
GCAM,SO2_emissions,2020,39099.6091246002,Gg S
GCAM,SO2_emissions,2021,38693.3044650084,Gg S
GCAM,SO2_emissions,2022,38286.9998054165,Gg S
GCAM,SO2_emissions,2023,37880.6951458247,Gg S
GCAM,SO2_emissions,2024,37474.3904862328,Gg S
GCAM,SO2_emissions,2025,37068.085826641,Gg S
GCAM,SO2_emissions,2026,36599.4384246047,Gg S
GCAM,SO2_emissions,2027,36130.7910225685,Gg S
GCAM,SO2_emissions,2028,35662.1436205322,Gg S
GCAM,SO2_emissions,2029,35193.4962184959,Gg S
GCAM,SO2_emissions,2030,34724.8488164597,Gg S
GCAM,SO2_emissions,2031,34383.3543364056,Gg S
GCAM,SO2_emissions,2032,34041.8598563516,Gg S
GCAM,SO2_emissions,2033,33700.3653762976,Gg S
GCAM,SO2_emissions,2034,33358.8708962435,Gg S
GCAM,SO2_emissions,2035,33017.3764161895,Gg S
GCAM,SO2_emissions,2036,32867.3789468796,Gg S
GCAM,SO2_emissions,2037,32717.3814775697,Gg S
GCAM,SO2_emissions,2038,32567.3840082597,Gg S
GCAM,SO2_emissions,2039,32417.3865389498,Gg S
GCAM,SO2_emissions,2040,32267.3890696399,Gg S
GCAM,SO2_emissions,2041,32144.9096699607,Gg S
GCAM,SO2_emissions,2042,32022.4302702814,Gg S
GCAM,SO2_emissions,2043,31899.9508706022,Gg S
GCAM,SO2_emissions,2044,31777.4714709229,Gg S
GCAM,SO2_emissions,2045,31654.9920712436,Gg S
GCAM,SO2_emissions,2046,31613.5044919776,Gg S
GCAM,SO2_emissions,2047,31572.0169127117,Gg S
GCAM,SO2_emissions,2048,31530.5293334457,Gg S
GCAM,SO2_emissions,2049,31489.0417541797,Gg S
GCAM,SO2_emissions,2050,31447.5541749137,Gg S
GCAM,SO2_emissions,2051,31452.0831207569,Gg S
GCAM,SO2_emissions,2052,31456.6120666002,Gg S
GCAM,SO2_emissions,2053,31461.1410124434,Gg S
GCAM,SO2_emissions,2054,31465.6699582867,Gg S
GCAM,SO2_emissions,2055,31470.1989041299,Gg S
GCAM,SO2_emissions,2056,31485.6499810973,Gg S
GCAM,SO2_emissions,2057,31501.1010580646,Gg S
GCAM,SO2_emissions,2058,31516.5521350319,Gg S
GCAM,SO2_emissions,2059,31532.0032119993,Gg S
GCAM,SO2_emissions,2060,31547.4542889666,Gg S
GCAM,SO2_emissions,2061,31566.2631991832,Gg S
GCAM,SO2_emissions,2062,31585.0721093997,Gg S
GCAM,SO2_emissions,2063,31603.8810196163,Gg S
GCAM,SO2_emissions,2064,31622.6899298329,Gg S
GCAM,SO2_emissions,2065,31641.4988400494,Gg S
GCAM,SO2_emissions,2066,31625.440558812,Gg S
GCAM,SO2_emissions,2067,31609.3822775745,Gg S
GCAM,SO2_emissions,2068,31593.323996337,Gg S
GCAM,SO2_emissions,2069,31577.2657150995,Gg S
GCAM,SO2_emissions,2070,31561.2074338621,Gg S
GCAM,SO2_emissions,2071,31483.2195478173,Gg S
GCAM,SO2_emissions,2072,31405.2316617725,Gg S
GCAM,SO2_emissions,2073,31327.2437757276,Gg S
GCAM,SO2_emissions,2074,31249.2558896828,Gg S
GCAM,SO2_emissions,2075,31171.268003638,Gg S
GCAM,SO2_emissions,2076,30969.7088831594,Gg S
GCAM,SO2_emissions,2077,30768.1497626808,Gg S
GCAM,SO2_emissions,2078,30566.5906422022,Gg S
GCAM,SO2_emissions,2079,30365.0315217235,Gg S
GCAM,SO2_emissions,2080,30163.4724012449,Gg S
GCAM,SO2_emissions,2081,29985.777007116,Gg S
GCAM,SO2_emissions,2082,29808.0816129871,Gg S
GCAM,SO2_emissions,2083,29630.3862188581,Gg S
GCAM,SO2_emissions,2084,29452.6908247292,Gg S
GCAM,SO2_emissions,2085,29274.9954306003,Gg S
GCAM,SO2_emissions,2086,29096.9857818575,Gg S
GCAM,SO2_emissions,2087,28918.9761331147,Gg S
GCAM,SO2_emissions,2088,28740.9664843718,Gg S
GCAM,SO2_emissions,2089,28562.956835629,Gg S
GCAM,SO2_emissions,2090,28384.9471868862,Gg S
GCAM,SO2_emissions,2091,28218.8570066597,Gg S
GCAM,SO2_emissions,2092,28052.7668264332,Gg S
GCAM,SO2_emissions,2093,27886.6766462066,Gg S
GCAM,SO2_emissions,2094,27720.5864659801,Gg S
GCAM,SO2_emissions,2095,27554.4962857536,Gg S
GCAM,SO2_emissions,2096,27364.9724316685,Gg S
GCAM,SO2_emissions,2097,27175.4485775834,Gg S
GCAM,SO2_emissions,2098,26985.9247234984,Gg S
GCAM,SO2_emissions,2099,26796.4008694133,Gg S
GCAM,SO2_emissions,2100,26606.8770153282,Gg S
GCAM,ffi_emissions,2005,8.04574061906054,Pg C/yr
GCAM,ffi_emissions,2006,8.26666260520013,Pg C/yr
GCAM,ffi_emissions,2007,8.48758459133972,Pg C/yr
GCAM,ffi_emissions,2008,8.70850657747931,Pg C/yr
GCAM,ffi_emissions,2009,8.92942856361891,Pg C/yr
GCAM,ffi_emissions,2010,9.1503505497585,Pg C/yr
GCAM,ffi_emissions,2011,9.26344239850995,Pg C/yr
GCAM,ffi_emissions,2012,9.37653424726139,Pg C/yr
GCAM,ffi_emissions,2013,9.48962609601284,Pg C/yr
GCAM,ffi_emissions,2014,9.60271794476428,Pg C/yr
GCAM,ffi_emissions,2015,9.71580979351573,Pg C/yr
GCAM,ffi_emissions,2016,9.91587577835991,Pg C/yr
GCAM,ffi_emissions,2017,10.1159417632041,Pg C/yr
GCAM,ffi_emissions,2018,10.3160077480483,Pg C/yr
GCAM,ffi_emissions,2019,10.5160737328924,Pg C/yr
GCAM,ffi_emissions,2020,10.7161397177366,Pg C/yr
GCAM,ffi_emissions,2021,10.8909419079141,Pg C/yr
GCAM,ffi_emissions,2022,11.0657440980916,Pg C/yr
GCAM,ffi_emissions,2023,11.2405462882692,Pg C/yr
GCAM,ffi_emissions,2024,11.4153484784467,Pg C/yr
GCAM,ffi_emissions,2025,11.5901506686242,Pg C/yr
GCAM,ffi_emissions,2026,11.7262719951377,Pg C/yr
GCAM,ffi_emissions,2027,11.8623933216512,Pg C/yr
GCAM,ffi_emissions,2028,11.9985146481647,Pg C/yr
GCAM,ffi_emissions,2029,12.1346359746782,Pg C/yr
GCAM,ffi_emissions,2030,12.2707573011917,Pg C/yr
GCAM,ffi_emissions,2031,12.3668413372954,Pg C/yr
GCAM,ffi_emissions,2032,12.462925373399,Pg C/yr
GCAM,ffi_emissions,2033,12.5590094095027,Pg C/yr
GCAM,ffi_emissions,2034,12.6550934456064,Pg C/yr
GCAM,ffi_emissions,2035,12.7511774817101,Pg C/yr
GCAM,ffi_emissions,2036,12.8259173691571,Pg C/yr
GCAM,ffi_emissions,2037,12.9006572566042,Pg C/yr
GCAM,ffi_emissions,2038,12.9753971440513,Pg C/yr
GCAM,ffi_emissions,2039,13.0501370314983,Pg C/yr
GCAM,ffi_emissions,2040,13.1248769189454,Pg C/yr
GCAM,ffi_emissions,2041,13.1932467127072,Pg C/yr
GCAM,ffi_emissions,2042,13.261616506469,Pg C/yr
GCAM,ffi_emissions,2043,13.3299863002309,Pg C/yr
GCAM,ffi_emissions,2044,13.3983560939927,Pg C/yr
GCAM,ffi_emissions,2045,13.4667258877545,Pg C/yr
GCAM,ffi_emissions,2046,13.5193150861085,Pg C/yr
GCAM,ffi_emissions,2047,13.5719042844626,Pg C/yr
GCAM,ffi_emissions,2048,13.6244934828166,Pg C/yr
GCAM,ffi_emissions,2049,13.6770826811707,Pg C/yr
GCAM,ffi_emissions,2050,13.7296718795247,Pg C/yr
GCAM,ffi_emissions,2051,13.7966967812593,Pg C/yr
GCAM,ffi_emissions,2052,13.863721682994,Pg C/yr
GCAM,ffi_emissions,2053,13.9307465847286,Pg C/yr
GCAM,ffi_emissions,2054,13.9977714864633,Pg C/yr
GCAM,ffi_emissions,2055,14.0647963881979,Pg C/yr
GCAM,ffi_emissions,2056,14.146144729172,Pg C/yr
GCAM,ffi_emissions,2057,14.227493070146,Pg C/yr
GCAM,ffi_emissions,2058,14.3088414111201,Pg C/yr
GCAM,ffi_emissions,2059,14.3901897520941,Pg C/yr
GCAM,ffi_emissions,2060,14.4715380930681,Pg C/yr
GCAM,ffi_emissions,2061,14.5563139548323,Pg C/yr
GCAM,ffi_emissions,2062,14.6410898165964,Pg C/yr
GCAM,ffi_emissions,2063,14.7258656783605,Pg C/yr
GCAM,ffi_emissions,2064,14.8106415401246,Pg C/yr
GCAM,ffi_emissions,2065,14.8954174018887,Pg C/yr
GCAM,ffi_emissions,2066,14.9955191327323,Pg C/yr
GCAM,ffi_emissions,2067,15.0956208635758,Pg C/yr
GCAM,ffi_emissions,2068,15.1957225944194,Pg C/yr
GCAM,ffi_emissions,2069,15.2958243252629,Pg C/yr
GCAM,ffi_emissions,2070,15.3959260561065,Pg C/yr
GCAM,ffi_emissions,2071,15.4770268503801,Pg C/yr
GCAM,ffi_emissions,2072,15.5581276446538,Pg C/yr
GCAM,ffi_emissions,2073,15.6392284389275,Pg C/yr
GCAM,ffi_emissions,2074,15.7203292332011,Pg C/yr
GCAM,ffi_emissions,2075,15.8014300274748,Pg C/yr
GCAM,ffi_emissions,2076,15.8266682626184,Pg C/yr
GCAM,ffi_emissions,2077,15.851906497762,Pg C/yr
GCAM,ffi_emissions,2078,15.8771447329056,Pg C/yr
GCAM,ffi_emissions,2079,15.9023829680492,Pg C/yr
GCAM,ffi_emissions,2080,15.9276212031929,Pg C/yr
GCAM,ffi_emissions,2081,15.9500035131073,Pg C/yr
GCAM,ffi_emissions,2082,15.9723858230217,Pg C/yr
GCAM,ffi_emissions,2083,15.9947681329361,Pg C/yr
GCAM,ffi_emissions,2084,16.0171504428506,Pg C/yr
GCAM,ffi_emissions,2085,16.039532752765,Pg C/yr
GCAM,ffi_emissions,2086,16.0570666514578,Pg C/yr
GCAM,ffi_emissions,2087,16.0746005501507,Pg C/yr
GCAM,ffi_emissions,2088,16.0921344488435,Pg C/yr
GCAM,ffi_emissions,2089,16.1096683475364,Pg C/yr
GCAM,ffi_emissions,2090,16.1272022462292,Pg C/yr
GCAM,ffi_emissions,2091,16.1437270125557,Pg C/yr
GCAM,ffi_emissions,2092,16.1602517788823,Pg C/yr
GCAM,ffi_emissions,2093,16.1767765452088,Pg C/yr
GCAM,ffi_emissions,2094,16.1933013115354,Pg C/yr
GCAM,ffi_emissions,2095,16.2098260778619,Pg C/yr
GCAM,ffi_emissions,2096,16.229978734614,Pg C/yr
GCAM,ffi_emissions,2097,16.2501313913661,Pg C/yr
GCAM,ffi_emissions,2098,16.2702840481182,Pg C/yr
GCAM,ffi_emissions,2099,16.2904367048703,Pg C/yr
GCAM,ffi_emissions,2100,16.3105893616224,Pg C/yr
GCAM,BC_emissions,2005,7.55799550834297,Tg
GCAM,BC_emissions,2006,7.66458956487651,Tg
GCAM,BC_emissions,2007,7.77118362141004,Tg
GCAM,BC_emissions,2008,7.87777767794358,Tg
GCAM,BC_emissions,2009,7.98437173447711,Tg
GCAM,BC_emissions,2010,8.09096579101065,Tg
GCAM,BC_emissions,2011,8.04402571303098,Tg
GCAM,BC_emissions,2012,7.9970856350513,Tg
GCAM,BC_emissions,2013,7.95014555707163,Tg
GCAM,BC_emissions,2014,7.90320547909196,Tg
GCAM,BC_emissions,2015,7.85626540111228,Tg
GCAM,BC_emissions,2016,7.7151318447809,Tg
GCAM,BC_emissions,2017,7.57399828844953,Tg
GCAM,BC_emissions,2018,7.43286473211815,Tg
GCAM,BC_emissions,2019,7.29173117578677,Tg
GCAM,BC_emissions,2020,7.15059761945539,Tg
GCAM,BC_emissions,2021,7.10246251309138,Tg
GCAM,BC_emissions,2022,7.05432740672736,Tg
GCAM,BC_emissions,2023,7.00619230036335,Tg
GCAM,BC_emissions,2024,6.95805719399933,Tg
GCAM,BC_emissions,2025,6.90992208763532,Tg
GCAM,BC_emissions,2026,6.84235601538552,Tg
GCAM,BC_emissions,2027,6.77478994313573,Tg
GCAM,BC_emissions,2028,6.70722387088593,Tg
GCAM,BC_emissions,2029,6.63965779863614,Tg
GCAM,BC_emissions,2030,6.57209172638634,Tg
GCAM,BC_emissions,2031,6.50977696542267,Tg
GCAM,BC_emissions,2032,6.44746220445899,Tg
GCAM,BC_emissions,2033,6.38514744349532,Tg
GCAM,BC_emissions,2034,6.32283268253165,Tg
GCAM,BC_emissions,2035,6.26051792156797,Tg
GCAM,BC_emissions,2036,6.22391438492763,Tg
GCAM,BC_emissions,2037,6.18731084828729,Tg
GCAM,BC_emissions,2038,6.15070731164695,Tg
GCAM,BC_emissions,2039,6.1141037750066,Tg
GCAM,BC_emissions,2040,6.07750023836626,Tg
GCAM,BC_emissions,2041,6.04975495914949,Tg
GCAM,BC_emissions,2042,6.02200967993272,Tg
GCAM,BC_emissions,2043,5.99426440071595,Tg
GCAM,BC_emissions,2044,5.96651912149918,Tg
GCAM,BC_emissions,2045,5.93877384228241,Tg
GCAM,BC_emissions,2046,5.90527996333279,Tg
GCAM,BC_emissions,2047,5.87178608438318,Tg
GCAM,BC_emissions,2048,5.83829220543356,Tg
GCAM,BC_emissions,2049,5.80479832648394,Tg
GCAM,BC_emissions,2050,5.77130444753432,Tg
GCAM,BC_emissions,2051,5.7440533406558,Tg
GCAM,BC_emissions,2052,5.71680223377727,Tg
GCAM,BC_emissions,2053,5.68955112689874,Tg
GCAM,BC_emissions,2054,5.66230002002021,Tg
GCAM,BC_emissions,2055,5.63504891314168,Tg
GCAM,BC_emissions,2056,5.61306306530741,Tg
GCAM,BC_emissions,2057,5.59107721747315,Tg
GCAM,BC_emissions,2058,5.56909136963889,Tg
GCAM,BC_emissions,2059,5.54710552180462,Tg
GCAM,BC_emissions,2060,5.52511967397036,Tg
GCAM,BC_emissions,2061,5.51161780558917,Tg
GCAM,BC_emissions,2062,5.49811593720797,Tg
GCAM,BC_emissions,2063,5.48461406882678,Tg
GCAM,BC_emissions,2064,5.47111220044559,Tg
GCAM,BC_emissions,2065,5.4576103320644,Tg
GCAM,BC_emissions,2066,5.44504595065014,Tg
GCAM,BC_emissions,2067,5.43248156923588,Tg
GCAM,BC_emissions,2068,5.41991718782162,Tg
GCAM,BC_emissions,2069,5.40735280640736,Tg
GCAM,BC_emissions,2070,5.3947884249931,Tg
GCAM,BC_emissions,2071,5.3849192870896,Tg
GCAM,BC_emissions,2072,5.3750501491861,Tg
GCAM,BC_emissions,2073,5.3651810112826,Tg
GCAM,BC_emissions,2074,5.3553118733791,Tg
GCAM,BC_emissions,2075,5.3454427354756,Tg
GCAM,BC_emissions,2076,5.33569101600782,Tg
GCAM,BC_emissions,2077,5.32593929654005,Tg
GCAM,BC_emissions,2078,5.31618757707228,Tg
GCAM,BC_emissions,2079,5.30643585760451,Tg
GCAM,BC_emissions,2080,5.29668413813674,Tg
GCAM,BC_emissions,2081,5.29131920387176,Tg
GCAM,BC_emissions,2082,5.28595426960678,Tg
GCAM,BC_emissions,2083,5.28058933534179,Tg
GCAM,BC_emissions,2084,5.27522440107681,Tg
GCAM,BC_emissions,2085,5.26985946681183,Tg
GCAM,BC_emissions,2086,5.26763632233166,Tg
GCAM,BC_emissions,2087,5.26541317785148,Tg
GCAM,BC_emissions,2088,5.26319003337131,Tg
GCAM,BC_emissions,2089,5.26096688889114,Tg
GCAM,BC_emissions,2090,5.25874374441096,Tg
GCAM,BC_emissions,2091,5.259981846302,Tg
GCAM,BC_emissions,2092,5.26121994819303,Tg
GCAM,BC_emissions,2093,5.26245805008407,Tg
GCAM,BC_emissions,2094,5.2636961519751,Tg
GCAM,BC_emissions,2095,5.26493425386614,Tg
GCAM,BC_emissions,2096,5.2693112722385,Tg
GCAM,BC_emissions,2097,5.27368829061086,Tg
GCAM,BC_emissions,2098,5.27806530898322,Tg
GCAM,BC_emissions,2099,5.28244232735557,Tg
GCAM,BC_emissions,2100,5.28681934572793,Tg
GCAM,NH3_emissions,2005,55.2137558759085,Tg
GCAM,NH3_emissions,2006,56.1329032298939,Tg
GCAM,NH3_emissions,2007,57.0520505838793,Tg
GCAM,NH3_emissions,2008,57.9711979378647,Tg
GCAM,NH3_emissions,2009,58.8903452918501,Tg
GCAM,NH3_emissions,2010,59.8094926458356,Tg
GCAM,NH3_emissions,2011,60.3743837859718,Tg
GCAM,NH3_emissions,2012,60.9392749261081,Tg
GCAM,NH3_emissions,2013,61.5041660662444,Tg
GCAM,NH3_emissions,2014,62.0690572063807,Tg
GCAM,NH3_emissions,2015,62.633948346517,Tg
GCAM,NH3_emissions,2016,63.4169734444404,Tg
GCAM,NH3_emissions,2017,64.1999985423639,Tg
GCAM,NH3_emissions,2018,64.9830236402874,Tg
GCAM,NH3_emissions,2019,65.7660487382108,Tg
GCAM,NH3_emissions,2020,66.5490738361343,Tg
GCAM,NH3_emissions,2021,67.5633474314599,Tg
GCAM,NH3_emissions,2022,68.5776210267855,Tg
GCAM,NH3_emissions,2023,69.5918946221112,Tg
GCAM,NH3_emissions,2024,70.6061682174368,Tg
GCAM,NH3_emissions,2025,71.6204418127625,Tg
GCAM,NH3_emissions,2026,72.5500497384037,Tg
GCAM,NH3_emissions,2027,73.479657664045,Tg
GCAM,NH3_emissions,2028,74.4092655896863,Tg
GCAM,NH3_emissions,2029,75.3388735153275,Tg
GCAM,NH3_emissions,2030,76.2684814409688,Tg
GCAM,NH3_emissions,2031,77.1400096182823,Tg
GCAM,NH3_emissions,2032,78.0115377955958,Tg
GCAM,NH3_emissions,2033,78.8830659729092,Tg
GCAM,NH3_emissions,2034,79.7545941502227,Tg
GCAM,NH3_emissions,2035,80.6261223275362,Tg
GCAM,NH3_emissions,2036,81.4863871716415,Tg
GCAM,NH3_emissions,2037,82.3466520157469,Tg
GCAM,NH3_emissions,2038,83.2069168598522,Tg
GCAM,NH3_emissions,2039,84.0671817039575,Tg
GCAM,NH3_emissions,2040,84.9274465480628,Tg
GCAM,NH3_emissions,2041,85.7816622332403,Tg
GCAM,NH3_emissions,2042,86.6358779184178,Tg
GCAM,NH3_emissions,2043,87.4900936035952,Tg
GCAM,NH3_emissions,2044,88.3443092887727,Tg
GCAM,NH3_emissions,2045,89.1985249739502,Tg
GCAM,NH3_emissions,2046,89.9484267160052,Tg
GCAM,NH3_emissions,2047,90.6983284580602,Tg
GCAM,NH3_emissions,2048,91.4482302001153,Tg
GCAM,NH3_emissions,2049,92.1981319421703,Tg
GCAM,NH3_emissions,2050,92.9480336842253,Tg
GCAM,NH3_emissions,2051,93.5448644111854,Tg
GCAM,NH3_emissions,2052,94.1416951381454,Tg
GCAM,NH3_emissions,2053,94.7385258651055,Tg
GCAM,NH3_emissions,2054,95.3353565920656,Tg
GCAM,NH3_emissions,2055,95.9321873190256,Tg
GCAM,NH3_emissions,2056,96.4220625527924,Tg
GCAM,NH3_emissions,2057,96.9119377865591,Tg
GCAM,NH3_emissions,2058,97.4018130203259,Tg
GCAM,NH3_emissions,2059,97.8916882540926,Tg
GCAM,NH3_emissions,2060,98.3815634878594,Tg
GCAM,NH3_emissions,2061,98.8082622708729,Tg
GCAM,NH3_emissions,2062,99.2349610538864,Tg
GCAM,NH3_emissions,2063,99.6616598368999,Tg
GCAM,NH3_emissions,2064,100.088358619913,Tg
GCAM,NH3_emissions,2065,100.515057402927,Tg
GCAM,NH3_emissions,2066,100.858219502241,Tg
GCAM,NH3_emissions,2067,101.201381601555,Tg
GCAM,NH3_emissions,2068,101.544543700868,Tg
GCAM,NH3_emissions,2069,101.887705800182,Tg
GCAM,NH3_emissions,2070,102.230867899496,Tg
GCAM,NH3_emissions,2071,102.508051134029,Tg
GCAM,NH3_emissions,2072,102.785234368562,Tg
GCAM,NH3_emissions,2073,103.062417603095,Tg
GCAM,NH3_emissions,2074,103.339600837628,Tg
GCAM,NH3_emissions,2075,103.616784072161,Tg
GCAM,NH3_emissions,2076,103.819228875219,Tg
GCAM,NH3_emissions,2077,104.021673678276,Tg
GCAM,NH3_emissions,2078,104.224118481334,Tg
GCAM,NH3_emissions,2079,104.426563284392,Tg
GCAM,NH3_emissions,2080,104.629008087449,Tg
GCAM,NH3_emissions,2081,104.771740110567,Tg
GCAM,NH3_emissions,2082,104.914472133684,Tg
GCAM,NH3_emissions,2083,105.057204156802,Tg
GCAM,NH3_emissions,2084,105.19993617992,Tg
GCAM,NH3_emissions,2085,105.342668203037,Tg
GCAM,NH3_emissions,2086,105.428253153483,Tg
GCAM,NH3_emissions,2087,105.513838103929,Tg
GCAM,NH3_emissions,2088,105.599423054375,Tg
GCAM,NH3_emissions,2089,105.685008004821,Tg
GCAM,NH3_emissions,2090,105.770592955266,Tg
GCAM,NH3_emissions,2091,105.80424102749,Tg
GCAM,NH3_emissions,2092,105.837889099714,Tg
GCAM,NH3_emissions,2093,105.871537171937,Tg
GCAM,NH3_emissions,2094,105.905185244161,Tg
GCAM,NH3_emissions,2095,105.938833316385,Tg
GCAM,NH3_emissions,2096,105.932677062146,Tg
GCAM,NH3_emissions,2097,105.926520807907,Tg
GCAM,NH3_emissions,2098,105.920364553669,Tg
GCAM,NH3_emissions,2099,105.91420829943,Tg
GCAM,NH3_emissions,2100,105.908052045191,Tg
GCAM,OC_emissions,2005,24.8663759654151,Tg
GCAM,OC_emissions,2006,25.5373243303635,Tg
GCAM,OC_emissions,2007,26.2082726953119,Tg
GCAM,OC_emissions,2008,26.8792210602603,Tg
GCAM,OC_emissions,2009,27.5501694252087,Tg
GCAM,OC_emissions,2010,28.2211177901571,Tg
GCAM,OC_emissions,2011,28.3803957400451,Tg
GCAM,OC_emissions,2012,28.5396736899331,Tg
GCAM,OC_emissions,2013,28.6989516398212,Tg
GCAM,OC_emissions,2014,28.8582295897092,Tg
GCAM,OC_emissions,2015,29.0175075395972,Tg
GCAM,OC_emissions,2016,28.1468540850742,Tg
GCAM,OC_emissions,2017,27.2762006305513,Tg
GCAM,OC_emissions,2018,26.4055471760283,Tg
GCAM,OC_emissions,2019,25.5348937215053,Tg
GCAM,OC_emissions,2020,24.6642402669824,Tg
GCAM,OC_emissions,2021,24.695898753773,Tg
GCAM,OC_emissions,2022,24.7275572405637,Tg
GCAM,OC_emissions,2023,24.7592157273543,Tg
GCAM,OC_emissions,2024,24.790874214145,Tg
GCAM,OC_emissions,2025,24.8225327009356,Tg
GCAM,OC_emissions,2026,24.6643308578218,Tg
GCAM,OC_emissions,2027,24.506129014708,Tg
GCAM,OC_emissions,2028,24.3479271715942,Tg
GCAM,OC_emissions,2029,24.1897253284804,Tg
GCAM,OC_emissions,2030,24.0315234853666,Tg
GCAM,OC_emissions,2031,23.9647450504339,Tg
GCAM,OC_emissions,2032,23.8979666155011,Tg
GCAM,OC_emissions,2033,23.8311881805684,Tg
GCAM,OC_emissions,2034,23.7644097456356,Tg
GCAM,OC_emissions,2035,23.6976313107029,Tg
GCAM,OC_emissions,2036,23.6305353678536,Tg
GCAM,OC_emissions,2037,23.5634394250042,Tg
GCAM,OC_emissions,2038,23.4963434821549,Tg
GCAM,OC_emissions,2039,23.4292475393055,Tg
GCAM,OC_emissions,2040,23.3621515964562,Tg
GCAM,OC_emissions,2041,23.3104516253927,Tg
GCAM,OC_emissions,2042,23.2587516543293,Tg
GCAM,OC_emissions,2043,23.2070516832658,Tg
GCAM,OC_emissions,2044,23.1553517122024,Tg
GCAM,OC_emissions,2045,23.1036517411389,Tg
GCAM,OC_emissions,2046,22.9836648493477,Tg
GCAM,OC_emissions,2047,22.8636779575564,Tg
GCAM,OC_emissions,2048,22.7436910657651,Tg
GCAM,OC_emissions,2049,22.6237041739738,Tg
GCAM,OC_emissions,2050,22.5037172821826,Tg
GCAM,OC_emissions,2051,22.3868519522949,Tg
GCAM,OC_emissions,2052,22.2699866224073,Tg
GCAM,OC_emissions,2053,22.1531212925197,Tg
GCAM,OC_emissions,2054,22.036255962632,Tg
GCAM,OC_emissions,2055,21.9193906327444,Tg
GCAM,OC_emissions,2056,21.78502995135,Tg
GCAM,OC_emissions,2057,21.6506692699557,Tg
GCAM,OC_emissions,2058,21.5163085885614,Tg
GCAM,OC_emissions,2059,21.3819479071671,Tg
GCAM,OC_emissions,2060,21.2475872257727,Tg
GCAM,OC_emissions,2061,21.14722298418,Tg
GCAM,OC_emissions,2062,21.0468587425872,Tg
GCAM,OC_emissions,2063,20.9464945009944,Tg
GCAM,OC_emissions,2064,20.8461302594016,Tg
GCAM,OC_emissions,2065,20.7457660178088,Tg
GCAM,OC_emissions,2066,20.6392163807156,Tg
GCAM,OC_emissions,2067,20.5326667436223,Tg
GCAM,OC_emissions,2068,20.4261171065291,Tg
GCAM,OC_emissions,2069,20.3195674694358,Tg
GCAM,OC_emissions,2070,20.2130178323426,Tg
GCAM,OC_emissions,2071,20.1247129093587,Tg
GCAM,OC_emissions,2072,20.0364079863748,Tg
GCAM,OC_emissions,2073,19.9481030633909,Tg
GCAM,OC_emissions,2074,19.859798140407,Tg
GCAM,OC_emissions,2075,19.771493217423,Tg
GCAM,OC_emissions,2076,19.6809009328151,Tg
GCAM,OC_emissions,2077,19.5903086482072,Tg
GCAM,OC_emissions,2078,19.4997163635993,Tg
GCAM,OC_emissions,2079,19.4091240789914,Tg
GCAM,OC_emissions,2080,19.3185317943835,Tg
GCAM,OC_emissions,2081,19.2456254677775,Tg
GCAM,OC_emissions,2082,19.1727191411715,Tg
GCAM,OC_emissions,2083,19.0998128145655,Tg
GCAM,OC_emissions,2084,19.0269064879595,Tg
GCAM,OC_emissions,2085,18.9540001613535,Tg
GCAM,OC_emissions,2086,18.8885409559511,Tg
GCAM,OC_emissions,2087,18.8230817505486,Tg
GCAM,OC_emissions,2088,18.7576225451462,Tg
GCAM,OC_emissions,2089,18.6921633397438,Tg
GCAM,OC_emissions,2090,18.6267041343414,Tg
GCAM,OC_emissions,2091,18.5675211998703,Tg
GCAM,OC_emissions,2092,18.5083382653992,Tg
GCAM,OC_emissions,2093,18.4491553309281,Tg
GCAM,OC_emissions,2094,18.389972396457,Tg
GCAM,OC_emissions,2095,18.3307894619859,Tg
GCAM,OC_emissions,2096,18.280307571386,Tg
GCAM,OC_emissions,2097,18.2298256807861,Tg
GCAM,OC_emissions,2098,18.1793437901863,Tg
GCAM,OC_emissions,2099,18.1288618995864,Tg
GCAM,OC_emissions,2100,18.0783800089865,Tg
GCAM,CH4_emissions,2005,332.64857600071,Tg CH4
GCAM,CH4_emissions,2006,338.188360108117,Tg CH4
GCAM,CH4_emissions,2007,343.728144215524,Tg CH4
GCAM,CH4_emissions,2008,349.267928322931,Tg CH4
GCAM,CH4_emissions,2009,354.807712430338,Tg CH4
GCAM,CH4_emissions,2010,360.347496537744,Tg CH4
GCAM,CH4_emissions,2011,362.316187427272,Tg CH4
GCAM,CH4_emissions,2012,364.2848783168,Tg CH4
GCAM,CH4_emissions,2013,366.253569206328,Tg CH4
GCAM,CH4_emissions,2014,368.222260095856,Tg CH4
GCAM,CH4_emissions,2015,370.190950985384,Tg CH4
GCAM,CH4_emissions,2016,373.814530230704,Tg CH4
GCAM,CH4_emissions,2017,377.438109476024,Tg CH4
GCAM,CH4_emissions,2018,381.061688721344,Tg CH4
GCAM,CH4_emissions,2019,384.685267966664,Tg CH4
GCAM,CH4_emissions,2020,388.308847211984,Tg CH4
GCAM,CH4_emissions,2021,393.030304034743,Tg CH4
GCAM,CH4_emissions,2022,397.751760857501,Tg CH4
GCAM,CH4_emissions,2023,402.47321768026,Tg CH4
GCAM,CH4_emissions,2024,407.194674503019,Tg CH4
GCAM,CH4_emissions,2025,411.916131325778,Tg CH4
GCAM,CH4_emissions,2026,416.438669639088,Tg CH4
GCAM,CH4_emissions,2027,420.961207952399,Tg CH4
GCAM,CH4_emissions,2028,425.483746265709,Tg CH4
GCAM,CH4_emissions,2029,430.00628457902,Tg CH4
GCAM,CH4_emissions,2030,434.52882289233,Tg CH4
GCAM,CH4_emissions,2031,438.411392615548,Tg CH4
GCAM,CH4_emissions,2032,442.293962338765,Tg CH4
GCAM,CH4_emissions,2033,446.176532061983,Tg CH4
GCAM,CH4_emissions,2034,450.0591017852,Tg CH4
GCAM,CH4_emissions,2035,453.941671508417,Tg CH4
GCAM,CH4_emissions,2036,457.199664446981,Tg CH4
GCAM,CH4_emissions,2037,460.457657385544,Tg CH4
GCAM,CH4_emissions,2038,463.715650324107,Tg CH4
GCAM,CH4_emissions,2039,466.97364326267,Tg CH4
GCAM,CH4_emissions,2040,470.231636201233,Tg CH4
GCAM,CH4_emissions,2041,474.207184929066,Tg CH4
GCAM,CH4_emissions,2042,478.1827336569,Tg CH4
GCAM,CH4_emissions,2043,482.158282384733,Tg CH4
GCAM,CH4_emissions,2044,486.133831112566,Tg CH4
GCAM,CH4_emissions,2045,490.1093798404,Tg CH4
GCAM,CH4_emissions,2046,493.687001044946,Tg CH4
GCAM,CH4_emissions,2047,497.264622249492,Tg CH4
GCAM,CH4_emissions,2048,500.842243454038,Tg CH4
GCAM,CH4_emissions,2049,504.419864658585,Tg CH4
GCAM,CH4_emissions,2050,507.997485863131,Tg CH4
GCAM,CH4_emissions,2051,511.48846674339,Tg CH4
GCAM,CH4_emissions,2052,514.979447623648,Tg CH4
GCAM,CH4_emissions,2053,518.470428503907,Tg CH4
GCAM,CH4_emissions,2054,521.961409384166,Tg CH4
GCAM,CH4_emissions,2055,525.452390264425,Tg CH4
GCAM,CH4_emissions,2056,528.478886678082,Tg CH4
GCAM,CH4_emissions,2057,531.505383091739,Tg CH4
GCAM,CH4_emissions,2058,534.531879505397,Tg CH4
GCAM,CH4_emissions,2059,537.558375919054,Tg CH4
GCAM,CH4_emissions,2060,540.584872332712,Tg CH4
GCAM,CH4_emissions,2061,542.881815460769,Tg CH4
GCAM,CH4_emissions,2062,545.178758588825,Tg CH4
GCAM,CH4_emissions,2063,547.475701716882,Tg CH4
GCAM,CH4_emissions,2064,549.772644844939,Tg CH4
GCAM,CH4_emissions,2065,552.069587972996,Tg CH4
GCAM,CH4_emissions,2066,553.752956316885,Tg CH4
GCAM,CH4_emissions,2067,555.436324660774,Tg CH4
GCAM,CH4_emissions,2068,557.119693004663,Tg CH4
GCAM,CH4_emissions,2069,558.803061348552,Tg CH4
GCAM,CH4_emissions,2070,560.486429692441,Tg CH4
GCAM,CH4_emissions,2071,561.310046774244,Tg CH4
GCAM,CH4_emissions,2072,562.133663856048,Tg CH4
GCAM,CH4_emissions,2073,562.957280937851,Tg CH4
GCAM,CH4_emissions,2074,563.780898019655,Tg CH4
GCAM,CH4_emissions,2075,564.604515101458,Tg CH4
GCAM,CH4_emissions,2076,564.920084200659,Tg CH4
GCAM,CH4_emissions,2077,565.235653299861,Tg CH4
GCAM,CH4_emissions,2078,565.551222399062,Tg CH4
GCAM,CH4_emissions,2079,565.866791498263,Tg CH4
GCAM,CH4_emissions,2080,566.182360597464,Tg CH4
GCAM,CH4_emissions,2081,566.181339840671,Tg CH4
GCAM,CH4_emissions,2082,566.180319083879,Tg CH4
GCAM,CH4_emissions,2083,566.179298327086,Tg CH4
GCAM,CH4_emissions,2084,566.178277570293,Tg CH4
GCAM,CH4_emissions,2085,566.1772568135,Tg CH4
GCAM,CH4_emissions,2086,565.890579442916,Tg CH4
GCAM,CH4_emissions,2087,565.603902072332,Tg CH4
GCAM,CH4_emissions,2088,565.317224701748,Tg CH4
GCAM,CH4_emissions,2089,565.030547331164,Tg CH4
GCAM,CH4_emissions,2090,564.74386996058,Tg CH4
GCAM,CH4_emissions,2091,564.307056620631,Tg CH4
GCAM,CH4_emissions,2092,563.870243280683,Tg CH4
GCAM,CH4_emissions,2093,563.433429940734,Tg CH4
GCAM,CH4_emissions,2094,562.996616600785,Tg CH4
GCAM,CH4_emissions,2095,562.559803260837,Tg CH4
GCAM,CH4_emissions,2096,562.089846741675,Tg CH4
GCAM,CH4_emissions,2097,561.619890222513,Tg CH4
GCAM,CH4_emissions,2098,561.149933703351,Tg CH4
GCAM,CH4_emissions,2099,560.679977184189,Tg CH4
GCAM,CH4_emissions,2100,560.210020665027,Tg CH4
GCAM,CO_emissions,2005,861.871233512319,Tg CO
GCAM,CO_emissions,2006,866.480236730196,Tg CO
GCAM,CO_emissions,2007,871.089239948072,Tg CO
GCAM,CO_emissions,2008,875.698243165948,Tg CO
GCAM,CO_emissions,2009,880.307246383824,Tg CO
GCAM,CO_emissions,2010,884.916249601701,Tg CO
GCAM,CO_emissions,2011,883.78303063065,Tg CO
GCAM,CO_emissions,2012,882.649811659599,Tg CO
GCAM,CO_emissions,2013,881.516592688548,Tg CO
GCAM,CO_emissions,2014,880.383373717497,Tg CO
GCAM,CO_emissions,2015,879.250154746446,Tg CO
GCAM,CO_emissions,2016,856.846604196445,Tg CO
GCAM,CO_emissions,2017,834.443053646445,Tg CO
GCAM,CO_emissions,2018,812.039503096444,Tg CO
GCAM,CO_emissions,2019,789.635952546443,Tg CO
GCAM,CO_emissions,2020,767.232401996442,Tg CO
GCAM,CO_emissions,2021,760.38336515367,Tg CO
GCAM,CO_emissions,2022,753.534328310898,Tg CO
GCAM,CO_emissions,2023,746.685291468125,Tg CO
GCAM,CO_emissions,2024,739.836254625353,Tg CO
GCAM,CO_emissions,2025,732.98721778258,Tg CO
GCAM,CO_emissions,2026,722.821784836535,Tg CO
GCAM,CO_emissions,2027,712.656351890489,Tg CO
GCAM,CO_emissions,2028,702.490918944444,Tg CO
GCAM,CO_emissions,2029,692.325485998399,Tg CO
GCAM,CO_emissions,2030,682.160053052353,Tg CO
GCAM,CO_emissions,2031,676.236808527465,Tg CO
GCAM,CO_emissions,2032,670.313564002576,Tg CO
GCAM,CO_emissions,2033,664.390319477688,Tg CO
GCAM,CO_emissions,2034,658.467074952799,Tg CO
GCAM,CO_emissions,2035,652.543830427911,Tg CO
GCAM,CO_emissions,2036,649.938469402477,Tg CO
GCAM,CO_emissions,2037,647.333108377044,Tg CO
GCAM,CO_emissions,2038,644.72774735161,Tg CO
GCAM,CO_emissions,2039,642.122386326177,Tg CO
GCAM,CO_emissions,2040,639.517025300743,Tg CO
GCAM,CO_emissions,2041,640.85279843438,Tg CO
GCAM,CO_emissions,2042,642.188571568017,Tg CO
GCAM,CO_emissions,2043,643.524344701654,Tg CO
GCAM,CO_emissions,2044,644.860117835291,Tg CO
GCAM,CO_emissions,2045,646.195890968928,Tg CO
GCAM,CO_emissions,2046,648.998153925783,Tg CO
GCAM,CO_emissions,2047,651.800416882639,Tg CO
GCAM,CO_emissions,2048,654.602679839495,Tg CO
GCAM,CO_emissions,2049,657.40494279635,Tg CO
GCAM,CO_emissions,2050,660.207205753206,Tg CO
GCAM,CO_emissions,2051,666.236911269584,Tg CO
GCAM,CO_emissions,2052,672.266616785962,Tg CO
GCAM,CO_emissions,2053,678.29632230234,Tg CO
GCAM,CO_emissions,2054,684.326027818718,Tg CO
GCAM,CO_emissions,2055,690.355733335096,Tg CO
GCAM,CO_emissions,2056,697.57038847316,Tg CO
GCAM,CO_emissions,2057,704.785043611224,Tg CO
GCAM,CO_emissions,2058,711.999698749288,Tg CO
GCAM,CO_emissions,2059,719.214353887352,Tg CO
GCAM,CO_emissions,2060,726.429009025416,Tg CO
GCAM,CO_emissions,2061,734.394645469724,Tg CO
GCAM,CO_emissions,2062,742.360281914032,Tg CO
GCAM,CO_emissions,2063,750.32591835834,Tg CO
GCAM,CO_emissions,2064,758.291554802647,Tg CO
GCAM,CO_emissions,2065,766.257191246955,Tg CO
GCAM,CO_emissions,2066,772.556387756456,Tg CO
GCAM,CO_emissions,2067,778.855584265956,Tg CO
GCAM,CO_emissions,2068,785.154780775457,Tg CO
GCAM,CO_emissions,2069,791.453977284958,Tg CO
GCAM,CO_emissions,2070,797.753173794458,Tg CO
GCAM,CO_emissions,2071,801.923202464977,Tg CO
GCAM,CO_emissions,2072,806.093231135497,Tg CO
GCAM,CO_emissions,2073,810.263259806016,Tg CO
GCAM,CO_emissions,2074,814.433288476535,Tg CO
GCAM,CO_emissions,2075,818.603317147054,Tg CO
GCAM,CO_emissions,2076,820.662389853144,Tg CO
GCAM,CO_emissions,2077,822.721462559233,Tg CO
GCAM,CO_emissions,2078,824.780535265323,Tg CO
GCAM,CO_emissions,2079,826.839607971413,Tg CO
GCAM,CO_emissions,2080,828.898680677502,Tg CO
GCAM,CO_emissions,2081,829.208042638515,Tg CO
GCAM,CO_emissions,2082,829.517404599528,Tg CO
GCAM,CO_emissions,2083,829.826766560541,Tg CO
GCAM,CO_emissions,2084,830.136128521553,Tg CO
GCAM,CO_emissions,2085,830.445490482566,Tg CO
GCAM,CO_emissions,2086,829.38309017748,Tg CO
GCAM,CO_emissions,2087,828.320689872394,Tg CO
GCAM,CO_emissions,2088,827.258289567307,Tg CO
GCAM,CO_emissions,2089,826.195889262221,Tg CO
GCAM,CO_emissions,2090,825.133488957135,Tg CO
GCAM,CO_emissions,2091,823.107582672887,Tg CO
GCAM,CO_emissions,2092,821.081676388639,Tg CO
GCAM,CO_emissions,2093,819.055770104391,Tg CO
GCAM,CO_emissions,2094,817.029863820143,Tg CO
GCAM,CO_emissions,2095,815.003957535895,Tg CO
GCAM,CO_emissions,2096,812.098792596179,Tg CO
GCAM,CO_emissions,2097,809.193627656463,Tg CO
GCAM,CO_emissions,2098,806.288462716747,Tg CO
GCAM,CO_emissions,2099,803.383297777031,Tg CO
GCAM,CO_emissions,2100,800.478132837315,Tg CO
GCAM,N2O_emissions,2005,5.92865564835175,Tg N
GCAM,N2O_emissions,2006,6.00468221712863,Tg N
GCAM,N2O_emissions,2007,6.08070878590552,Tg N
GCAM,N2O_emissions,2008,6.15673535468241,Tg N
GCAM,N2O_emissions,2009,6.23276192345929,Tg N
GCAM,N2O_emissions,2010,6.30878849223618,Tg N
GCAM,N2O_emissions,2011,6.3771922692239,Tg N
GCAM,N2O_emissions,2012,6.44559604621163,Tg N
GCAM,N2O_emissions,2013,6.51399982319935,Tg N
GCAM,N2O_emissions,2014,6.58240360018707,Tg N
GCAM,N2O_emissions,2015,6.6508073771748,Tg N
GCAM,N2O_emissions,2016,6.72686345638006,Tg N
GCAM,N2O_emissions,2017,6.80291953558532,Tg N
GCAM,N2O_emissions,2018,6.87897561479059,Tg N
GCAM,N2O_emissions,2019,6.95503169399585,Tg N
GCAM,N2O_emissions,2020,7.03108777320111,Tg N
GCAM,N2O_emissions,2021,7.13770805100342,Tg N
GCAM,N2O_emissions,2022,7.24432832880573,Tg N
GCAM,N2O_emissions,2023,7.35094860660805,Tg N
GCAM,N2O_emissions,2024,7.45756888441036,Tg N
GCAM,N2O_emissions,2025,7.56418916221267,Tg N
GCAM,N2O_emissions,2026,7.65244781054852,Tg N
GCAM,N2O_emissions,2027,7.74070645888437,Tg N
GCAM,N2O_emissions,2028,7.82896510722022,Tg N
GCAM,N2O_emissions,2029,7.91722375555606,Tg N
GCAM,N2O_emissions,2030,8.00548240389191,Tg N
GCAM,N2O_emissions,2031,8.08105494396548,Tg N
GCAM,N2O_emissions,2032,8.15662748403905,Tg N
GCAM,N2O_emissions,2033,8.23220002411261,Tg N
GCAM,N2O_emissions,2034,8.30777256418618,Tg N
GCAM,N2O_emissions,2035,8.38334510425975,Tg N
GCAM,N2O_emissions,2036,8.458832541832,Tg N
GCAM,N2O_emissions,2037,8.53431997940425,Tg N
GCAM,N2O_emissions,2038,8.6098074169765,Tg N
GCAM,N2O_emissions,2039,8.68529485454875,Tg N
GCAM,N2O_emissions,2040,8.760782292121,Tg N
GCAM,N2O_emissions,2041,8.87357538856191,Tg N
GCAM,N2O_emissions,2042,8.98636848500281,Tg N
GCAM,N2O_emissions,2043,9.09916158144372,Tg N
GCAM,N2O_emissions,2044,9.21195467788462,Tg N
GCAM,N2O_emissions,2045,9.32474777432553,Tg N
GCAM,N2O_emissions,2046,9.4287883706736,Tg N
GCAM,N2O_emissions,2047,9.53282896702167,Tg N
GCAM,N2O_emissions,2048,9.63686956336974,Tg N
GCAM,N2O_emissions,2049,9.74091015971781,Tg N
GCAM,N2O_emissions,2050,9.84495075606588,Tg N
GCAM,N2O_emissions,2051,9.93343323535114,Tg N
GCAM,N2O_emissions,2052,10.0219157146364,Tg N
GCAM,N2O_emissions,2053,10.1103981939217,Tg N
GCAM,N2O_emissions,2054,10.1988806732069,Tg N
GCAM,N2O_emissions,2055,10.2873631524922,Tg N
GCAM,N2O_emissions,2056,10.3668686808833,Tg N
GCAM,N2O_emissions,2057,10.4463742092744,Tg N
GCAM,N2O_emissions,2058,10.5258797376655,Tg N
GCAM,N2O_emissions,2059,10.6053852660566,Tg N
GCAM,N2O_emissions,2060,10.6848907944477,Tg N
GCAM,N2O_emissions,2061,10.7603526099669,Tg N
GCAM,N2O_emissions,2062,10.8358144254861,Tg N
GCAM,N2O_emissions,2063,10.9112762410053,Tg N
GCAM,N2O_emissions,2064,10.9867380565245,Tg N
GCAM,N2O_emissions,2065,11.0621998720437,Tg N
GCAM,N2O_emissions,2066,11.1271925084978,Tg N
GCAM,N2O_emissions,2067,11.1921851449519,Tg N
GCAM,N2O_emissions,2068,11.2571777814059,Tg N
GCAM,N2O_emissions,2069,11.32217041786,Tg N
GCAM,N2O_emissions,2070,11.3871630543141,Tg N
GCAM,N2O_emissions,2071,11.4434789724007,Tg N
GCAM,N2O_emissions,2072,11.4997948904873,Tg N
GCAM,N2O_emissions,2073,11.5561108085739,Tg N
GCAM,N2O_emissions,2074,11.6124267266606,Tg N
GCAM,N2O_emissions,2075,11.6687426447472,Tg N
GCAM,N2O_emissions,2076,11.7132455555752,Tg N
GCAM,N2O_emissions,2077,11.7577484664031,Tg N
GCAM,N2O_emissions,2078,11.8022513772311,Tg N
GCAM,N2O_emissions,2079,11.8467542880591,Tg N
GCAM,N2O_emissions,2080,11.891257198887,Tg N
GCAM,N2O_emissions,2081,11.9306209182293,Tg N
GCAM,N2O_emissions,2082,11.9699846375716,Tg N
GCAM,N2O_emissions,2083,12.0093483569139,Tg N
GCAM,N2O_emissions,2084,12.0487120762562,Tg N
GCAM,N2O_emissions,2085,12.0880757955985,Tg N
GCAM,N2O_emissions,2086,12.1200071723129,Tg N
GCAM,N2O_emissions,2087,12.1519385490274,Tg N
GCAM,N2O_emissions,2088,12.1838699257418,Tg N
GCAM,N2O_emissions,2089,12.2158013024562,Tg N
GCAM,N2O_emissions,2090,12.2477326791706,Tg N
GCAM,N2O_emissions,2091,12.2716000694713,Tg N
GCAM,N2O_emissions,2092,12.295467459772,Tg N
GCAM,N2O_emissions,2093,12.3193348500727,Tg N
GCAM,N2O_emissions,2094,12.3432022403733,Tg N
GCAM,N2O_emissions,2095,12.367069630674,Tg N
GCAM,N2O_emissions,2096,12.3826966677276,Tg N
GCAM,N2O_emissions,2097,12.3983237047813,Tg N
GCAM,N2O_emissions,2098,12.4139507418349,Tg N
GCAM,N2O_emissions,2099,12.4295777788886,Tg N
GCAM,N2O_emissions,2100,12.4452048159422,Tg N
GCAM,NOX_emissions,2005,43.3344678714798,Tg N
GCAM,NOX_emissions,2006,43.2466697315038,Tg N
GCAM,NOX_emissions,2007,43.1588715915277,Tg N
GCAM,NOX_emissions,2008,43.0710734515517,Tg N
GCAM,NOX_emissions,2009,42.9832753115756,Tg N
GCAM,NOX_emissions,2010,42.8954771715996,Tg N
GCAM,NOX_emissions,2011,42.7750471736462,Tg N
GCAM,NOX_emissions,2012,42.6546171756928,Tg N
GCAM,NOX_emissions,2013,42.5341871777394,Tg N
GCAM,NOX_emissions,2014,42.413757179786,Tg N
GCAM,NOX_emissions,2015,42.2933271818326,Tg N
GCAM,NOX_emissions,2016,41.7823260852456,Tg N
GCAM,NOX_emissions,2017,41.2713249886586,Tg N
GCAM,NOX_emissions,2018,40.7603238920716,Tg N
GCAM,NOX_emissions,2019,40.2493227954846,Tg N
GCAM,NOX_emissions,2020,39.7383216988977,Tg N
GCAM,NOX_emissions,2021,39.3459373233146,Tg N
GCAM,NOX_emissions,2022,38.9535529477315,Tg N
GCAM,NOX_emissions,2023,38.5611685721484,Tg N
GCAM,NOX_emissions,2024,38.1687841965654,Tg N
GCAM,NOX_emissions,2025,37.7763998209823,Tg N
GCAM,NOX_emissions,2026,37.362900110266,Tg N
GCAM,NOX_emissions,2027,36.9494003995497,Tg N
GCAM,NOX_emissions,2028,36.5359006888335,Tg N
GCAM,NOX_emissions,2029,36.1224009781172,Tg N
GCAM,NOX_emissions,2030,35.7089012674009,Tg N
GCAM,NOX_emissions,2031,35.3660894610535,Tg N
GCAM,NOX_emissions,2032,35.0232776547061,Tg N
GCAM,NOX_emissions,2033,34.6804658483587,Tg N
GCAM,NOX_emissions,2034,34.3376540420113,Tg N
GCAM,NOX_emissions,2035,33.9948422356638,Tg N
GCAM,NOX_emissions,2036,34.0448353734762,Tg N
GCAM,NOX_emissions,2037,34.0948285112886,Tg N
GCAM,NOX_emissions,2038,34.1448216491009,Tg N
GCAM,NOX_emissions,2039,34.1948147869133,Tg N
GCAM,NOX_emissions,2040,34.2448079247256,Tg N
GCAM,NOX_emissions,2041,34.4918095876337,Tg N
GCAM,NOX_emissions,2042,34.7388112505417,Tg N
GCAM,NOX_emissions,2043,34.9858129134497,Tg N
GCAM,NOX_emissions,2044,35.2328145763577,Tg N
GCAM,NOX_emissions,2045,35.4798162392658,Tg N
GCAM,NOX_emissions,2046,35.8681708043272,Tg N
GCAM,NOX_emissions,2047,36.2565253693887,Tg N
GCAM,NOX_emissions,2048,36.6448799344502,Tg N
GCAM,NOX_emissions,2049,37.0332344995117,Tg N
GCAM,NOX_emissions,2050,37.4215890645732,Tg N
GCAM,NOX_emissions,2051,37.9985191254437,Tg N
GCAM,NOX_emissions,2052,38.5754491863143,Tg N
GCAM,NOX_emissions,2053,39.1523792471849,Tg N
GCAM,NOX_emissions,2054,39.7293093080555,Tg N
GCAM,NOX_emissions,2055,40.3062393689261,Tg N
GCAM,NOX_emissions,2056,41.0187935572254,Tg N
GCAM,NOX_emissions,2057,41.7313477455248,Tg N
GCAM,NOX_emissions,2058,42.4439019338241,Tg N
GCAM,NOX_emissions,2059,43.1564561221235,Tg N
GCAM,NOX_emissions,2060,43.8690103104229,Tg N
GCAM,NOX_emissions,2061,44.6296136683127,Tg N
GCAM,NOX_emissions,2062,45.3902170262024,Tg N
GCAM,NOX_emissions,2063,46.1508203840922,Tg N
GCAM,NOX_emissions,2064,46.911423741982,Tg N
GCAM,NOX_emissions,2065,47.6720270998718,Tg N
GCAM,NOX_emissions,2066,48.30490767971,Tg N
GCAM,NOX_emissions,2067,48.9377882595483,Tg N
GCAM,NOX_emissions,2068,49.5706688393865,Tg N
GCAM,NOX_emissions,2069,50.2035494192248,Tg N
GCAM,NOX_emissions,2070,50.836429999063,Tg N
GCAM,NOX_emissions,2071,51.3088113561492,Tg N
GCAM,NOX_emissions,2072,51.7811927132354,Tg N
GCAM,NOX_emissions,2073,52.2535740703217,Tg N
GCAM,NOX_emissions,2074,52.7259554274079,Tg N
GCAM,NOX_emissions,2075,53.1983367844941,Tg N
GCAM,NOX_emissions,2076,53.4900337430432,Tg N
GCAM,NOX_emissions,2077,53.7817307015923,Tg N
GCAM,NOX_emissions,2078,54.0734276601414,Tg N
GCAM,NOX_emissions,2079,54.3651246186905,Tg N
GCAM,NOX_emissions,2080,54.6568215772396,Tg N
GCAM,NOX_emissions,2081,54.8588762256904,Tg N
GCAM,NOX_emissions,2082,55.0609308741413,Tg N
GCAM,NOX_emissions,2083,55.2629855225921,Tg N
GCAM,NOX_emissions,2084,55.465040171043,Tg N
GCAM,NOX_emissions,2085,55.6670948194938,Tg N
GCAM,NOX_emissions,2086,55.8144460044305,Tg N
GCAM,NOX_emissions,2087,55.9617971893671,Tg N
GCAM,NOX_emissions,2088,56.1091483743037,Tg N
GCAM,NOX_emissions,2089,56.2564995592403,Tg N
GCAM,NOX_emissions,2090,56.4038507441769,Tg N
GCAM,NOX_emissions,2091,56.7747561554481,Tg N
GCAM,NOX_emissions,2092,57.1456615667193,Tg N
GCAM,NOX_emissions,2093,57.5165669779905,Tg N
GCAM,NOX_emissions,2094,57.8874723892617,Tg N
GCAM,NOX_emissions,2095,58.2583778005329,Tg N
GCAM,NOX_emissions,2096,58.7133589989772,Tg N
GCAM,NOX_emissions,2097,59.1683401974216,Tg N
GCAM,NOX_emissions,2098,59.6233213958659,Tg N
GCAM,NOX_emissions,2099,60.0783025943103,Tg N
GCAM,NOX_emissions,2100,60.5332837927546,Tg N
GCAM,NMVOC_emissions,2005,180.642671918953,Tg NMVOC
GCAM,NMVOC_emissions,2006,183.130817522942,Tg NMVOC
GCAM,NMVOC_emissions,2007,185.618963126931,Tg NMVOC
GCAM,NMVOC_emissions,2008,188.10710873092,Tg NMVOC
GCAM,NMVOC_emissions,2009,190.595254334909,Tg NMVOC
GCAM,NMVOC_emissions,2010,193.083399938898,Tg NMVOC
GCAM,NMVOC_emissions,2011,195.073685873827,Tg NMVOC
GCAM,NMVOC_emissions,2012,197.063971808755,Tg NMVOC
GCAM,NMVOC_emissions,2013,199.054257743683,Tg NMVOC
GCAM,NMVOC_emissions,2014,201.044543678611,Tg NMVOC
GCAM,NMVOC_emissions,2015,203.034829613539,Tg NMVOC
GCAM,NMVOC_emissions,2016,200.139194883748,Tg NMVOC
GCAM,NMVOC_emissions,2017,197.243560153958,Tg NMVOC
GCAM,NMVOC_emissions,2018,194.347925424167,Tg NMVOC
GCAM,NMVOC_emissions,2019,191.452290694376,Tg NMVOC
GCAM,NMVOC_emissions,2020,188.556655964585,Tg NMVOC
GCAM,NMVOC_emissions,2021,188.529318467751,Tg NMVOC
GCAM,NMVOC_emissions,2022,188.501980970916,Tg NMVOC
GCAM,NMVOC_emissions,2023,188.474643474082,Tg NMVOC
GCAM,NMVOC_emissions,2024,188.447305977247,Tg NMVOC
GCAM,NMVOC_emissions,2025,188.419968480413,Tg NMVOC
GCAM,NMVOC_emissions,2026,187.545955691625,Tg NMVOC
GCAM,NMVOC_emissions,2027,186.671942902838,Tg NMVOC
GCAM,NMVOC_emissions,2028,185.79793011405,Tg NMVOC
GCAM,NMVOC_emissions,2029,184.923917325262,Tg NMVOC
GCAM,NMVOC_emissions,2030,184.049904536475,Tg NMVOC
GCAM,NMVOC_emissions,2031,184.089671892542,Tg NMVOC
GCAM,NMVOC_emissions,2032,184.129439248608,Tg NMVOC
GCAM,NMVOC_emissions,2033,184.169206604675,Tg NMVOC
GCAM,NMVOC_emissions,2034,184.208973960742,Tg NMVOC
GCAM,NMVOC_emissions,2035,184.248741316809,Tg NMVOC
GCAM,NMVOC_emissions,2036,184.607786779264,Tg NMVOC
GCAM,NMVOC_emissions,2037,184.966832241718,Tg NMVOC
GCAM,NMVOC_emissions,2038,185.325877704173,Tg NMVOC
GCAM,NMVOC_emissions,2039,185.684923166628,Tg NMVOC
GCAM,NMVOC_emissions,2040,186.043968629083,Tg NMVOC
GCAM,NMVOC_emissions,2041,186.793689459461,Tg NMVOC
GCAM,NMVOC_emissions,2042,187.543410289839,Tg NMVOC
GCAM,NMVOC_emissions,2043,188.293131120217,Tg NMVOC
GCAM,NMVOC_emissions,2044,189.042851950594,Tg NMVOC
GCAM,NMVOC_emissions,2045,189.792572780972,Tg NMVOC
GCAM,NMVOC_emissions,2046,190.409997283553,Tg NMVOC
GCAM,NMVOC_emissions,2047,191.027421786133,Tg NMVOC
GCAM,NMVOC_emissions,2048,191.644846288714,Tg NMVOC
GCAM,NMVOC_emissions,2049,192.262270791294,Tg NMVOC
GCAM,NMVOC_emissions,2050,192.879695293875,Tg NMVOC
GCAM,NMVOC_emissions,2051,193.763406974004,Tg NMVOC
GCAM,NMVOC_emissions,2052,194.647118654134,Tg NMVOC
GCAM,NMVOC_emissions,2053,195.530830334264,Tg NMVOC
GCAM,NMVOC_emissions,2054,196.414542014393,Tg NMVOC
GCAM,NMVOC_emissions,2055,197.298253694523,Tg NMVOC
GCAM,NMVOC_emissions,2056,198.185325459855,Tg NMVOC
GCAM,NMVOC_emissions,2057,199.072397225186,Tg NMVOC
GCAM,NMVOC_emissions,2058,199.959468990518,Tg NMVOC
GCAM,NMVOC_emissions,2059,200.84654075585,Tg NMVOC
GCAM,NMVOC_emissions,2060,201.733612521181,Tg NMVOC
GCAM,NMVOC_emissions,2061,202.606008489674,Tg NMVOC
GCAM,NMVOC_emissions,2062,203.478404458166,Tg NMVOC
GCAM,NMVOC_emissions,2063,204.350800426659,Tg NMVOC
GCAM,NMVOC_emissions,2064,205.223196395151,Tg NMVOC
GCAM,NMVOC_emissions,2065,206.095592363644,Tg NMVOC
GCAM,NMVOC_emissions,2066,206.786780832276,Tg NMVOC
GCAM,NMVOC_emissions,2067,207.477969300909,Tg NMVOC
GCAM,NMVOC_emissions,2068,208.169157769541,Tg NMVOC
GCAM,NMVOC_emissions,2069,208.860346238174,Tg NMVOC
GCAM,NMVOC_emissions,2070,209.551534706806,Tg NMVOC
GCAM,NMVOC_emissions,2071,210.058914740099,Tg NMVOC
GCAM,NMVOC_emissions,2072,210.566294773391,Tg NMVOC
GCAM,NMVOC_emissions,2073,211.073674806684,Tg NMVOC
GCAM,NMVOC_emissions,2074,211.581054839976,Tg NMVOC
GCAM,NMVOC_emissions,2075,212.088434873268,Tg NMVOC
GCAM,NMVOC_emissions,2076,212.426370234435,Tg NMVOC
GCAM,NMVOC_emissions,2077,212.764305595602,Tg NMVOC
GCAM,NMVOC_emissions,2078,213.102240956769,Tg NMVOC
GCAM,NMVOC_emissions,2079,213.440176317935,Tg NMVOC
GCAM,NMVOC_emissions,2080,213.778111679102,Tg NMVOC
GCAM,NMVOC_emissions,2081,214.039890290031,Tg NMVOC
GCAM,NMVOC_emissions,2082,214.30166890096,Tg NMVOC
GCAM,NMVOC_emissions,2083,214.563447511889,Tg NMVOC
GCAM,NMVOC_emissions,2084,214.825226122817,Tg NMVOC
GCAM,NMVOC_emissions,2085,215.087004733746,Tg NMVOC
GCAM,NMVOC_emissions,2086,215.217511929378,Tg NMVOC
GCAM,NMVOC_emissions,2087,215.34801912501,Tg NMVOC
GCAM,NMVOC_emissions,2088,215.478526320642,Tg NMVOC
GCAM,NMVOC_emissions,2089,215.609033516274,Tg NMVOC
GCAM,NMVOC_emissions,2090,215.739540711905,Tg NMVOC
GCAM,NMVOC_emissions,2091,215.766026676624,Tg NMVOC
GCAM,NMVOC_emissions,2092,215.792512641342,Tg NMVOC
GCAM,NMVOC_emissions,2093,215.81899860606,Tg NMVOC
GCAM,NMVOC_emissions,2094,215.845484570778,Tg NMVOC
GCAM,NMVOC_emissions,2095,215.871970535496,Tg NMVOC
GCAM,NMVOC_emissions,2096,215.811997247811,Tg NMVOC
GCAM,NMVOC_emissions,2097,215.752023960126,Tg NMVOC
GCAM,NMVOC_emissions,2098,215.69205067244,Tg NMVOC
GCAM,NMVOC_emissions,2099,215.632077384755,Tg NMVOC
GCAM,NMVOC_emissions,2100,215.57210409707,Tg NMVOC
